{"__meta":{"schema_version":3,"schema_name":"GBMModelV3","schema_type":"GBMModel"},"model_id":{"__meta":{"schema_version":3,"schema_name":"ModelKeyV3","schema_type":"Key<Model>"},"name":"GBM","type":"Key<Model>","URL":"/3/Models/GBM"},"algo":"gbm","algo_full_name":"Gradient Boosting Machine","response_column_name":"price","data_frame":{"__meta":{"schema_version":3,"schema_name":"FrameKeyV3","schema_type":"Key<Frame>"},"name":"py_6_sid_b393","type":"Key<Frame>","URL":"/3/Frames/py_6_sid_b393"},"timestamp":1565532381429,"have_pojo":true,"have_mojo":true,"algo":"gbm","algo_full_name":"Gradient Boosting Machine","model_id":{"__meta":{"schema_version":3,"schema_name":"ModelKeyV3","schema_type":"Key<Model>"},"name":"GBM","type":"Key<Model>","URL":"/3/Models/GBM"},"parameters":[{"__meta":{"schema_version":3,"schema_name":"ModelParameterSchemaV3","schema_type":"Iced"},"name":"model_id","label":"model_id","help":"Destination id for this model; auto-generated if not specified.","required":false,"type":"Key<Model>","default_value":null,"actual_value":{"__meta":{"schema_version":3,"schema_name":"ModelKeyV3","schema_type":"Key<Model>"},"name":"GBM","type":"Key<Model>","URL":"/3/Models/GBM"},"level":"critical","values":[],"is_member_of_frames":[],"is_mutually_exclusive_with":[],"gridable":false},{"__meta":{"schema_version":3,"schema_name":"ModelParameterSchemaV3","schema_type":"Iced"},"name":"training_frame","label":"training_frame","help":"Id of the training data frame.","required":false,"type":"Key<Frame>","default_value":null,"actual_value":{"__meta":{"schema_version":3,"schema_name":"FrameKeyV3","schema_type":"Key<Frame>"},"name":"py_6_sid_b393","type":"Key<Frame>","URL":"/3/Frames/py_6_sid_b393"},"level":"critical","values":[],"is_member_of_frames":[],"is_mutually_exclusive_with":[],"gridable":false},{"__meta":{"schema_version":3,"schema_name":"ModelParameterSchemaV3","schema_type":"Iced"},"name":"validation_frame","label":"validation_frame","help":"Id of the validation data frame.","required":false,"type":"Key<Frame>","default_value":null,"actual_value":null,"level":"critical","values":[],"is_member_of_frames":[],"is_mutually_exclusive_with":[],"gridable":true},{"__meta":{"schema_version":3,"schema_name":"ModelParameterSchemaV3","schema_type":"Iced"},"name":"nfolds","label":"nfolds","help":"Number of folds for K-fold cross-validation (0 to disable or >= 2).","required":false,"type":"int","default_value":0,"actual_value":5,"level":"critical","values":[],"is_member_of_frames":[],"is_mutually_exclusive_with":[],"gridable":false},{"__meta":{"schema_version":3,"schema_name":"ModelParameterSchemaV3","schema_type":"Iced"},"name":"keep_cross_validation_models","label":"keep_cross_validation_models","help":"Whether to keep the cross-validation models.","required":false,"type":"boolean","default_value":true,"actual_value":true,"level":"expert","values":[],"is_member_of_frames":[],"is_mutually_exclusive_with":[],"gridable":false},{"__meta":{"schema_version":3,"schema_name":"ModelParameterSchemaV3","schema_type":"Iced"},"name":"keep_cross_validation_predictions","label":"keep_cross_validation_predictions","help":"Whether to keep the predictions of the cross-validation models.","required":false,"type":"boolean","default_value":false,"actual_value":true,"level":"expert","values":[],"is_member_of_frames":[],"is_mutually_exclusive_with":[],"gridable":false},{"__meta":{"schema_version":3,"schema_name":"ModelParameterSchemaV3","schema_type":"Iced"},"name":"keep_cross_validation_fold_assignment","label":"keep_cross_validation_fold_assignment","help":"Whether to keep the cross-validation fold assignment.","required":false,"type":"boolean","default_value":false,"actual_value":false,"level":"expert","values":[],"is_member_of_frames":[],"is_mutually_exclusive_with":[],"gridable":false},{"__meta":{"schema_version":3,"schema_name":"ModelParameterSchemaV3","schema_type":"Iced"},"name":"score_each_iteration","label":"score_each_iteration","help":"Whether to score during each iteration of model training.","required":false,"type":"boolean","default_value":false,"actual_value":false,"level":"secondary","values":[],"is_member_of_frames":[],"is_mutually_exclusive_with":[],"gridable":false},{"__meta":{"schema_version":3,"schema_name":"ModelParameterSchemaV3","schema_type":"Iced"},"name":"score_tree_interval","label":"score_tree_interval","help":"Score the model after every so many trees. Disabled if set to 0.","required":false,"type":"int","default_value":0,"actual_value":0,"level":"secondary","values":[],"is_member_of_frames":[],"is_mutually_exclusive_with":[],"gridable":false},{"__meta":{"schema_version":3,"schema_name":"ModelParameterSchemaV3","schema_type":"Iced"},"name":"fold_assignment","label":"fold_assignment","help":"Cross-validation fold assignment scheme, if fold_column is not specified. The 'Stratified' option will stratify the folds based on the response variable, for classification problems.","required":false,"type":"enum","default_value":"AUTO","actual_value":"Modulo","level":"secondary","values":["AUTO","Random","Modulo","Stratified"],"is_member_of_frames":[],"is_mutually_exclusive_with":[],"gridable":true},{"__meta":{"schema_version":3,"schema_name":"ModelParameterSchemaV3","schema_type":"Iced"},"name":"fold_column","label":"fold_column","help":"Column with cross-validation fold index assignment per observation.","required":false,"type":"VecSpecifier","default_value":null,"actual_value":null,"level":"secondary","values":[],"is_member_of_frames":["training_frame"],"is_mutually_exclusive_with":["response_column","weights_column","ignored_columns","offset_column"],"gridable":true},{"__meta":{"schema_version":3,"schema_name":"ModelParameterSchemaV3","schema_type":"Iced"},"name":"response_column","label":"response_column","help":"Response variable column.","required":false,"type":"VecSpecifier","default_value":null,"actual_value":{"__meta":{"schema_version":3,"schema_name":"ColSpecifierV3","schema_type":"VecSpecifier"},"column_name":"price","is_member_of_frames":null},"level":"critical","values":[],"is_member_of_frames":["training_frame","validation_frame"],"is_mutually_exclusive_with":["weights_column","ignored_columns","offset_column","fold_column"],"gridable":true},{"__meta":{"schema_version":3,"schema_name":"ModelParameterSchemaV3","schema_type":"Iced"},"name":"ignored_columns","label":"ignored_columns","help":"Names of columns to ignore for training.","required":false,"type":"string[]","default_value":null,"actual_value":null,"level":"critical","values":[],"is_member_of_frames":["training_frame","validation_frame"],"is_mutually_exclusive_with":["response_column","weights_column","offset_column","fold_column"],"gridable":false},{"__meta":{"schema_version":3,"schema_name":"ModelParameterSchemaV3","schema_type":"Iced"},"name":"ignore_const_cols","label":"ignore_const_cols","help":"Ignore constant columns.","required":false,"type":"boolean","default_value":true,"actual_value":true,"level":"critical","values":[],"is_member_of_frames":[],"is_mutually_exclusive_with":[],"gridable":false},{"__meta":{"schema_version":3,"schema_name":"ModelParameterSchemaV3","schema_type":"Iced"},"name":"offset_column","label":"offset_column","help":"Offset column. This will be added to the combination of columns before applying the link function.","required":false,"type":"VecSpecifier","default_value":null,"actual_value":null,"level":"secondary","values":[],"is_member_of_frames":["training_frame","validation_frame"],"is_mutually_exclusive_with":["response_column","weights_column","ignored_columns","fold_column"],"gridable":true},{"__meta":{"schema_version":3,"schema_name":"ModelParameterSchemaV3","schema_type":"Iced"},"name":"weights_column","label":"weights_column","help":"Column with observation weights. Giving some observation a weight of zero is equivalent to excluding it from the dataset; giving an observation a relative weight of 2 is equivalent to repeating that row twice. Negative weights are not allowed. Note: Weights are per-row observation weights and do not increase the size of the data frame. This is typically the number of times a row is repeated, but non-integer values are supported as well. During training, rows with higher weights matter more, due to the larger loss function pre-factor.","required":false,"type":"VecSpecifier","default_value":null,"actual_value":null,"level":"secondary","values":[],"is_member_of_frames":["training_frame","validation_frame"],"is_mutually_exclusive_with":["response_column","ignored_columns","offset_column","fold_column"],"gridable":true},{"__meta":{"schema_version":3,"schema_name":"ModelParameterSchemaV3","schema_type":"Iced"},"name":"balance_classes","label":"balance_classes","help":"Balance training data class counts via over/under-sampling (for imbalanced data).","required":false,"type":"boolean","default_value":false,"actual_value":false,"level":"secondary","values":[],"is_member_of_frames":[],"is_mutually_exclusive_with":[],"gridable":true},{"__meta":{"schema_version":3,"schema_name":"ModelParameterSchemaV3","schema_type":"Iced"},"name":"class_sampling_factors","label":"class_sampling_factors","help":"Desired over/under-sampling ratios per class (in lexicographic order). If not specified, sampling factors will be automatically computed to obtain class balance during training. Requires balance_classes.","required":false,"type":"float[]","default_value":null,"actual_value":null,"level":"expert","values":[],"is_member_of_frames":[],"is_mutually_exclusive_with":[],"gridable":true},{"__meta":{"schema_version":3,"schema_name":"ModelParameterSchemaV3","schema_type":"Iced"},"name":"max_after_balance_size","label":"max_after_balance_size","help":"Maximum relative size of the training data after balancing class counts (can be less than 1.0). Requires balance_classes.","required":false,"type":"float","default_value":5.0,"actual_value":5.0,"level":"expert","values":[],"is_member_of_frames":[],"is_mutually_exclusive_with":[],"gridable":true},{"__meta":{"schema_version":3,"schema_name":"ModelParameterSchemaV3","schema_type":"Iced"},"name":"max_confusion_matrix_size","label":"max_confusion_matrix_size","help":"[Deprecated] Maximum size (# classes) for confusion matrices to be printed in the Logs","required":false,"type":"int","default_value":20,"actual_value":20,"level":"secondary","values":[],"is_member_of_frames":[],"is_mutually_exclusive_with":[],"gridable":false},{"__meta":{"schema_version":3,"schema_name":"ModelParameterSchemaV3","schema_type":"Iced"},"name":"max_hit_ratio_k","label":"max_hit_ratio_k","help":"Max. number (top K) of predictions to use for hit ratio computation (for multi-class only, 0 to disable)","required":false,"type":"int","default_value":0,"actual_value":0,"level":"secondary","values":[],"is_member_of_frames":[],"is_mutually_exclusive_with":[],"gridable":false},{"__meta":{"schema_version":3,"schema_name":"ModelParameterSchemaV3","schema_type":"Iced"},"name":"ntrees","label":"ntrees","help":"Number of trees.","required":false,"type":"int","default_value":50,"actual_value":500,"level":"critical","values":[],"is_member_of_frames":[],"is_mutually_exclusive_with":[],"gridable":true},{"__meta":{"schema_version":3,"schema_name":"ModelParameterSchemaV3","schema_type":"Iced"},"name":"max_depth","label":"max_depth","help":"Maximum tree depth.","required":false,"type":"int","default_value":5,"actual_value":4,"level":"critical","values":[],"is_member_of_frames":[],"is_mutually_exclusive_with":[],"gridable":true},{"__meta":{"schema_version":3,"schema_name":"ModelParameterSchemaV3","schema_type":"Iced"},"name":"min_rows","label":"min_rows","help":"Fewest allowed (weighted) observations in a leaf.","required":false,"type":"double","default_value":10.0,"actual_value":10.0,"level":"critical","values":[],"is_member_of_frames":[],"is_mutually_exclusive_with":[],"gridable":true},{"__meta":{"schema_version":3,"schema_name":"ModelParameterSchemaV3","schema_type":"Iced"},"name":"nbins","label":"nbins","help":"For numerical columns (real/int), build a histogram of (at least) this many bins, then split at the best point","required":false,"type":"int","default_value":20,"actual_value":20,"level":"critical","values":[],"is_member_of_frames":[],"is_mutually_exclusive_with":[],"gridable":true},{"__meta":{"schema_version":3,"schema_name":"ModelParameterSchemaV3","schema_type":"Iced"},"name":"nbins_top_level","label":"nbins_top_level","help":"For numerical columns (real/int), build a histogram of (at most) this many bins at the root level, then decrease by factor of two per level","required":false,"type":"int","default_value":1024,"actual_value":1024,"level":"secondary","values":[],"is_member_of_frames":[],"is_mutually_exclusive_with":[],"gridable":true},{"__meta":{"schema_version":3,"schema_name":"ModelParameterSchemaV3","schema_type":"Iced"},"name":"nbins_cats","label":"nbins_cats","help":"For categorical columns (factors), build a histogram of this many bins, then split at the best point. Higher values can lead to more overfitting.","required":false,"type":"int","default_value":1024,"actual_value":1024,"level":"secondary","values":[],"is_member_of_frames":[],"is_mutually_exclusive_with":[],"gridable":true},{"__meta":{"schema_version":3,"schema_name":"ModelParameterSchemaV3","schema_type":"Iced"},"name":"r2_stopping","label":"r2_stopping","help":"r2_stopping is no longer supported and will be ignored if set - please use stopping_rounds, stopping_metric and stopping_tolerance instead. Previous version of H2O would stop making trees when the R^2 metric equals or exceeds this","required":false,"type":"double","default_value":1.7976931348623157E308,"actual_value":1.7976931348623157E308,"level":"secondary","values":[],"is_member_of_frames":[],"is_mutually_exclusive_with":[],"gridable":true},{"__meta":{"schema_version":3,"schema_name":"ModelParameterSchemaV3","schema_type":"Iced"},"name":"stopping_rounds","label":"stopping_rounds","help":"Early stopping based on convergence of stopping_metric. Stop if simple moving average of length k of the stopping_metric does not improve for k:=stopping_rounds scoring events (0 to disable)","required":false,"type":"int","default_value":0,"actual_value":0,"level":"secondary","values":[],"is_member_of_frames":[],"is_mutually_exclusive_with":[],"gridable":true},{"__meta":{"schema_version":3,"schema_name":"ModelParameterSchemaV3","schema_type":"Iced"},"name":"stopping_metric","label":"stopping_metric","help":"Metric to use for early stopping (AUTO: logloss for classification, deviance for regression and anonomaly_score for Isolation Forest). Note that custom and custom_increasing can only be used in GBM and DRF with the Python client.","required":false,"type":"enum","default_value":"AUTO","actual_value":"AUTO","level":"secondary","values":["AUTO","deviance","logloss","MSE","RMSE","MAE","RMSLE","AUC","lift_top_group","misclassification","mean_per_class_error","anomaly_score","custom","custom_increasing"],"is_member_of_frames":[],"is_mutually_exclusive_with":[],"gridable":true},{"__meta":{"schema_version":3,"schema_name":"ModelParameterSchemaV3","schema_type":"Iced"},"name":"stopping_tolerance","label":"stopping_tolerance","help":"Relative tolerance for metric-based stopping criterion (stop if relative improvement is not at least this much)","required":false,"type":"double","default_value":0.001,"actual_value":0.001,"level":"secondary","values":[],"is_member_of_frames":[],"is_mutually_exclusive_with":[],"gridable":true},{"__meta":{"schema_version":3,"schema_name":"ModelParameterSchemaV3","schema_type":"Iced"},"name":"max_runtime_secs","label":"max_runtime_secs","help":"Maximum allowed runtime in seconds for model training. Use 0 to disable.","required":false,"type":"double","default_value":0.0,"actual_value":0.0,"level":"secondary","values":[],"is_member_of_frames":[],"is_mutually_exclusive_with":[],"gridable":true},{"__meta":{"schema_version":3,"schema_name":"ModelParameterSchemaV3","schema_type":"Iced"},"name":"seed","label":"seed","help":"Seed for pseudo random number generator (if applicable)","required":false,"type":"long","default_value":-1,"actual_value":-1294749620616066187,"level":"critical","values":[],"is_member_of_frames":[],"is_mutually_exclusive_with":[],"gridable":true},{"__meta":{"schema_version":3,"schema_name":"ModelParameterSchemaV3","schema_type":"Iced"},"name":"build_tree_one_node","label":"build_tree_one_node","help":"Run on one node only; no network overhead but fewer cpus used.  Suitable for small datasets.","required":false,"type":"boolean","default_value":false,"actual_value":false,"level":"expert","values":[],"is_member_of_frames":[],"is_mutually_exclusive_with":[],"gridable":false},{"__meta":{"schema_version":3,"schema_name":"ModelParameterSchemaV3","schema_type":"Iced"},"name":"learn_rate","label":"learn_rate","help":"Learning rate (from 0.0 to 1.0)","required":false,"type":"double","default_value":0.1,"actual_value":0.1,"level":"critical","values":[],"is_member_of_frames":[],"is_mutually_exclusive_with":[],"gridable":true},{"__meta":{"schema_version":3,"schema_name":"ModelParameterSchemaV3","schema_type":"Iced"},"name":"learn_rate_annealing","label":"learn_rate_annealing","help":"Scale the learning rate by this factor after each tree (e.g., 0.99 or 0.999) ","required":false,"type":"double","default_value":1.0,"actual_value":1.0,"level":"secondary","values":[],"is_member_of_frames":[],"is_mutually_exclusive_with":[],"gridable":true},{"__meta":{"schema_version":3,"schema_name":"ModelParameterSchemaV3","schema_type":"Iced"},"name":"distribution","label":"distribution","help":"Distribution function","required":false,"type":"enum","default_value":"AUTO","actual_value":"gaussian","level":"secondary","values":["AUTO","bernoulli","quasibinomial","ordinal","multinomial","gaussian","poisson","gamma","tweedie","laplace","quantile","huber","custom"],"is_member_of_frames":[],"is_mutually_exclusive_with":[],"gridable":true},{"__meta":{"schema_version":3,"schema_name":"ModelParameterSchemaV3","schema_type":"Iced"},"name":"quantile_alpha","label":"quantile_alpha","help":"Desired quantile for Quantile regression, must be between 0 and 1.","required":false,"type":"double","default_value":0.5,"actual_value":0.5,"level":"secondary","values":[],"is_member_of_frames":[],"is_mutually_exclusive_with":[],"gridable":true},{"__meta":{"schema_version":3,"schema_name":"ModelParameterSchemaV3","schema_type":"Iced"},"name":"tweedie_power","label":"tweedie_power","help":"Tweedie power for Tweedie regression, must be between 1 and 2.","required":false,"type":"double","default_value":1.5,"actual_value":1.5,"level":"secondary","values":[],"is_member_of_frames":[],"is_mutually_exclusive_with":[],"gridable":true},{"__meta":{"schema_version":3,"schema_name":"ModelParameterSchemaV3","schema_type":"Iced"},"name":"huber_alpha","label":"huber_alpha","help":"Desired quantile for Huber/M-regression (threshold between quadratic and linear loss, must be between 0 and 1).","required":false,"type":"double","default_value":0.9,"actual_value":0.9,"level":"secondary","values":[],"is_member_of_frames":[],"is_mutually_exclusive_with":[],"gridable":true},{"__meta":{"schema_version":3,"schema_name":"ModelParameterSchemaV3","schema_type":"Iced"},"name":"checkpoint","label":"checkpoint","help":"Model checkpoint to resume training with.","required":false,"type":"Key<Model>","default_value":null,"actual_value":null,"level":"secondary","values":[],"is_member_of_frames":[],"is_mutually_exclusive_with":[],"gridable":false},{"__meta":{"schema_version":3,"schema_name":"ModelParameterSchemaV3","schema_type":"Iced"},"name":"sample_rate","label":"sample_rate","help":"Row sample rate per tree (from 0.0 to 1.0)","required":false,"type":"double","default_value":1.0,"actual_value":1.0,"level":"critical","values":[],"is_member_of_frames":[],"is_mutually_exclusive_with":[],"gridable":true},{"__meta":{"schema_version":3,"schema_name":"ModelParameterSchemaV3","schema_type":"Iced"},"name":"sample_rate_per_class","label":"sample_rate_per_class","help":"A list of row sample rates per class (relative fraction for each class, from 0.0 to 1.0), for each tree","required":false,"type":"double[]","default_value":null,"actual_value":null,"level":"expert","values":[],"is_member_of_frames":[],"is_mutually_exclusive_with":[],"gridable":true},{"__meta":{"schema_version":3,"schema_name":"ModelParameterSchemaV3","schema_type":"Iced"},"name":"col_sample_rate","label":"col_sample_rate","help":"Column sample rate (from 0.0 to 1.0)","required":false,"type":"double","default_value":1.0,"actual_value":1.0,"level":"critical","values":[],"is_member_of_frames":[],"is_mutually_exclusive_with":[],"gridable":true},{"__meta":{"schema_version":3,"schema_name":"ModelParameterSchemaV3","schema_type":"Iced"},"name":"col_sample_rate_change_per_level","label":"col_sample_rate_change_per_level","help":"Relative change of the column sampling rate for every level (must be > 0.0 and <= 2.0)","required":false,"type":"double","default_value":1.0,"actual_value":1.0,"level":"expert","values":[],"is_member_of_frames":[],"is_mutually_exclusive_with":[],"gridable":true},{"__meta":{"schema_version":3,"schema_name":"ModelParameterSchemaV3","schema_type":"Iced"},"name":"col_sample_rate_per_tree","label":"col_sample_rate_per_tree","help":"Column sample rate per tree (from 0.0 to 1.0)","required":false,"type":"double","default_value":1.0,"actual_value":1.0,"level":"secondary","values":[],"is_member_of_frames":[],"is_mutually_exclusive_with":[],"gridable":true},{"__meta":{"schema_version":3,"schema_name":"ModelParameterSchemaV3","schema_type":"Iced"},"name":"min_split_improvement","label":"min_split_improvement","help":"Minimum relative improvement in squared error reduction for a split to happen","required":false,"type":"double","default_value":1.0E-5,"actual_value":1.0E-5,"level":"secondary","values":[],"is_member_of_frames":[],"is_mutually_exclusive_with":[],"gridable":true},{"__meta":{"schema_version":3,"schema_name":"ModelParameterSchemaV3","schema_type":"Iced"},"name":"histogram_type","label":"histogram_type","help":"What type of histogram to use for finding optimal split points","required":false,"type":"enum","default_value":"AUTO","actual_value":"AUTO","level":"secondary","values":["AUTO","UniformAdaptive","Random","QuantilesGlobal","RoundRobin"],"is_member_of_frames":[],"is_mutually_exclusive_with":[],"gridable":true},{"__meta":{"schema_version":3,"schema_name":"ModelParameterSchemaV3","schema_type":"Iced"},"name":"max_abs_leafnode_pred","label":"max_abs_leafnode_pred","help":"Maximum absolute value of a leaf node prediction","required":false,"type":"double","default_value":1.7976931348623157E308,"actual_value":1.7976931348623157E308,"level":"expert","values":[],"is_member_of_frames":[],"is_mutually_exclusive_with":[],"gridable":true},{"__meta":{"schema_version":3,"schema_name":"ModelParameterSchemaV3","schema_type":"Iced"},"name":"pred_noise_bandwidth","label":"pred_noise_bandwidth","help":"Bandwidth (sigma) of Gaussian multiplicative noise ~N(1,sigma) for tree node predictions","required":false,"type":"double","default_value":0.0,"actual_value":0.0,"level":"expert","values":[],"is_member_of_frames":[],"is_mutually_exclusive_with":[],"gridable":true},{"__meta":{"schema_version":3,"schema_name":"ModelParameterSchemaV3","schema_type":"Iced"},"name":"categorical_encoding","label":"categorical_encoding","help":"Encoding scheme for categorical features","required":false,"type":"enum","default_value":"AUTO","actual_value":"AUTO","level":"secondary","values":["AUTO","Enum","OneHotInternal","OneHotExplicit","Binary","Eigen","LabelEncoder","SortByResponse","EnumLimited"],"is_member_of_frames":[],"is_mutually_exclusive_with":[],"gridable":true},{"__meta":{"schema_version":3,"schema_name":"ModelParameterSchemaV3","schema_type":"Iced"},"name":"calibrate_model","label":"calibrate_model","help":"Use Platt Scaling to calculate calibrated class probabilities. Calibration can provide more accurate estimates of class probabilities.","required":false,"type":"boolean","default_value":false,"actual_value":false,"level":"expert","values":[],"is_member_of_frames":[],"is_mutually_exclusive_with":[],"gridable":false},{"__meta":{"schema_version":3,"schema_name":"ModelParameterSchemaV3","schema_type":"Iced"},"name":"calibration_frame","label":"calibration_frame","help":"Calibration frame for Platt Scaling","required":false,"type":"Key<Frame>","default_value":null,"actual_value":null,"level":"expert","values":[],"is_member_of_frames":[],"is_mutually_exclusive_with":[],"gridable":false},{"__meta":{"schema_version":3,"schema_name":"ModelParameterSchemaV3","schema_type":"Iced"},"name":"custom_metric_func","label":"custom_metric_func","help":"Reference to custom evaluation function, format: `language:keyName=funcName`","required":false,"type":"string","default_value":null,"actual_value":null,"level":"secondary","values":[],"is_member_of_frames":[],"is_mutually_exclusive_with":[],"gridable":false},{"__meta":{"schema_version":3,"schema_name":"ModelParameterSchemaV3","schema_type":"Iced"},"name":"custom_distribution_func","label":"custom_distribution_func","help":"Reference to custom distribution, format: `language:keyName=funcName`","required":false,"type":"string","default_value":null,"actual_value":null,"level":"secondary","values":[],"is_member_of_frames":[],"is_mutually_exclusive_with":[],"gridable":false},{"__meta":{"schema_version":3,"schema_name":"ModelParameterSchemaV3","schema_type":"Iced"},"name":"export_checkpoints_dir","label":"export_checkpoints_dir","help":"Automatically export generated models to this directory.","required":false,"type":"string","default_value":null,"actual_value":null,"level":"secondary","values":[],"is_member_of_frames":[],"is_mutually_exclusive_with":[],"gridable":false},{"__meta":{"schema_version":3,"schema_name":"ModelParameterSchemaV3","schema_type":"Iced"},"name":"monotone_constraints","label":"monotone_constraints","help":"A mapping representing monotonic constraints. Use +1 to enforce an increasing constraint and -1 to specify a decreasing constraint.","required":false,"type":"KeyValue[]","default_value":null,"actual_value":null,"level":"secondary","values":[],"is_member_of_frames":[],"is_mutually_exclusive_with":[],"gridable":false},{"__meta":{"schema_version":3,"schema_name":"ModelParameterSchemaV3","schema_type":"Iced"},"name":"check_constant_response","label":"check_constant_response","help":"Check if response column is constant. If enabled, then an exception is thrown if the response column is a constant value.If disabled, then model will train regardless of the response column being a constant value or not.","required":false,"type":"boolean","default_value":true,"actual_value":true,"level":"expert","values":[],"is_member_of_frames":[],"is_mutually_exclusive_with":[],"gridable":false}],"output":{"__meta":{"schema_version":3,"schema_name":"GBMModelOutputV3","schema_type":"GBMOutput"},"names":["bedrooms","bathrooms","sqft_living","sqft_lot","floors","waterfront","view","condition","grade","sqft_above","sqft_basement","yr_built","yr_renovated","zipcode","lat","long","sqft_living15","sqft_lot15","year","price"],"column_types":["Numeric","Numeric","Numeric","Numeric","Numeric","Numeric","Numeric","Numeric","Numeric","Numeric","Numeric","Numeric","Numeric","Numeric","Numeric","Numeric","Numeric","Numeric","Numeric","Numeric"],"domains":[null,null,null,null,null,null,null,null,null,null,null,null,null,null,null,null,null,null,null,null],"cross_validation_models":[{"__meta":{"schema_version":3,"schema_name":"ModelKeyV3","schema_type":"Key<Model>"},"name":"GBM_cv_1","type":"Key<Model>","URL":"/3/Models/GBM_cv_1"},{"__meta":{"schema_version":3,"schema_name":"ModelKeyV3","schema_type":"Key<Model>"},"name":"GBM_cv_2","type":"Key<Model>","URL":"/3/Models/GBM_cv_2"},{"__meta":{"schema_version":3,"schema_name":"ModelKeyV3","schema_type":"Key<Model>"},"name":"GBM_cv_3","type":"Key<Model>","URL":"/3/Models/GBM_cv_3"},{"__meta":{"schema_version":3,"schema_name":"ModelKeyV3","schema_type":"Key<Model>"},"name":"GBM_cv_4","type":"Key<Model>","URL":"/3/Models/GBM_cv_4"},{"__meta":{"schema_version":3,"schema_name":"ModelKeyV3","schema_type":"Key<Model>"},"name":"GBM_cv_5","type":"Key<Model>","URL":"/3/Models/GBM_cv_5"}],"cross_validation_predictions":[{"__meta":{"schema_version":3,"schema_name":"FrameKeyV3","schema_type":"Key<Frame>"},"name":"prediction_GBM_cv_1","type":"Key<Frame>","URL":"/3/Frames/prediction_GBM_cv_1"},{"__meta":{"schema_version":3,"schema_name":"FrameKeyV3","schema_type":"Key<Frame>"},"name":"prediction_GBM_cv_2","type":"Key<Frame>","URL":"/3/Frames/prediction_GBM_cv_2"},{"__meta":{"schema_version":3,"schema_name":"FrameKeyV3","schema_type":"Key<Frame>"},"name":"prediction_GBM_cv_3","type":"Key<Frame>","URL":"/3/Frames/prediction_GBM_cv_3"},{"__meta":{"schema_version":3,"schema_name":"FrameKeyV3","schema_type":"Key<Frame>"},"name":"prediction_GBM_cv_4","type":"Key<Frame>","URL":"/3/Frames/prediction_GBM_cv_4"},{"__meta":{"schema_version":3,"schema_name":"FrameKeyV3","schema_type":"Key<Frame>"},"name":"prediction_GBM_cv_5","type":"Key<Frame>","URL":"/3/Frames/prediction_GBM_cv_5"}],"cross_validation_holdout_predictions_frame_id":{"__meta":{"schema_version":3,"schema_name":"FrameKeyV3","schema_type":"Key<Frame>"},"name":"cv_holdout_prediction_GBM","type":"Key<Frame>","URL":"/3/Frames/cv_holdout_prediction_GBM"},"cross_validation_fold_assignment_frame_id":null,"model_category":"Regression","model_summary":{"__meta":{"schema_version":3,"schema_name":"TwoDimTableV3","schema_type":"TwoDimTable"},"name":"Model Summary","description":"","columns":[{"__meta":{"schema_version":-1,"schema_name":"ColumnSpecsBase","schema_type":"Iced"},"name":"","type":"string","format":"%s","description":""},{"__meta":{"schema_version":-1,"schema_name":"ColumnSpecsBase","schema_type":"Iced"},"name":"number_of_trees","type":"long","format":"%d","description":"Number of Trees"},{"__meta":{"schema_version":-1,"schema_name":"ColumnSpecsBase","schema_type":"Iced"},"name":"number_of_internal_trees","type":"long","format":"%d","description":"Number of Internal Trees"},{"__meta":{"schema_version":-1,"schema_name":"ColumnSpecsBase","schema_type":"Iced"},"name":"model_size_in_bytes","type":"long","format":"%d","description":"Model Size in Bytes"},{"__meta":{"schema_version":-1,"schema_name":"ColumnSpecsBase","schema_type":"Iced"},"name":"min_depth","type":"long","format":"%d","description":"Min. Depth"},{"__meta":{"schema_version":-1,"schema_name":"ColumnSpecsBase","schema_type":"Iced"},"name":"max_depth","type":"long","format":"%d","description":"Max. Depth"},{"__meta":{"schema_version":-1,"schema_name":"ColumnSpecsBase","schema_type":"Iced"},"name":"mean_depth","type":"double","format":"%.5f","description":"Mean Depth"},{"__meta":{"schema_version":-1,"schema_name":"ColumnSpecsBase","schema_type":"Iced"},"name":"min_leaves","type":"long","format":"%d","description":"Min. Leaves"},{"__meta":{"schema_version":-1,"schema_name":"ColumnSpecsBase","schema_type":"Iced"},"name":"max_leaves","type":"long","format":"%d","description":"Max. Leaves"},{"__meta":{"schema_version":-1,"schema_name":"ColumnSpecsBase","schema_type":"Iced"},"name":"mean_leaves","type":"double","format":"%.5f","description":"Mean Leaves"}],"rowcount":1,"data":[[""],[500],[500],[113487],[4],[4],[4.0],[5],[16],[13.352]]},"scoring_history":{"__meta":{"schema_version":3,"schema_name":"TwoDimTableV3","schema_type":"TwoDimTable"},"name":"Scoring History","description":"","columns":[{"__meta":{"schema_version":-1,"schema_name":"ColumnSpecsBase","schema_type":"Iced"},"name":"","type":"string","format":"%s","description":""},{"__meta":{"schema_version":-1,"schema_name":"ColumnSpecsBase","schema_type":"Iced"},"name":"timestamp","type":"string","format":"%s","description":"Timestamp"},{"__meta":{"schema_version":-1,"schema_name":"ColumnSpecsBase","schema_type":"Iced"},"name":"duration","type":"string","format":"%s","description":"Duration"},{"__meta":{"schema_version":-1,"schema_name":"ColumnSpecsBase","schema_type":"Iced"},"name":"number_of_trees","type":"long","format":"%d","description":"Number of Trees"},{"__meta":{"schema_version":-1,"schema_name":"ColumnSpecsBase","schema_type":"Iced"},"name":"training_rmse","type":"double","format":"%.5f","description":"Training RMSE"},{"__meta":{"schema_version":-1,"schema_name":"ColumnSpecsBase","schema_type":"Iced"},"name":"training_mae","type":"double","format":"%.5f","description":"Training MAE"},{"__meta":{"schema_version":-1,"schema_name":"ColumnSpecsBase","schema_type":"Iced"},"name":"training_deviance","type":"double","format":"%.5f","description":"Training Deviance"}],"rowcount":501,"data":[["","","","","","","","","","","","","","","","","","","","","","","","","","","","","","","","","","","","","","","","","","","","","","","","","","","","","","","","","","","","","","","","","","","","","","","","","","","","","","","","","","","","","","","","","","","","","","","","","","","","","","","","","","","","","","","","","","","","","","","","","","","","","","","","","","","","","","","","","","","","","","","","","","","","","","","","","","","","","","","","","","","","","","","","","","","","","","","","","","","","","","","","","","","","","","","","","","","","","","","","","","","","","","","","","","","","","","","","","","","","","","","","","","","","","","","","","","","","","","","","","","","","","","","","","","","","","","","","","","","","","","","","","","","","","","","","","","","","","","","","","","","","","","","","","","","","","","","","","","","","","","","","","","","","","","","","","","","","","","","","","","","","","","","","","","","","","","","","","","","","","","","","","","","","","","","","","","","","","","","","","","","","","","","","","","","","","","","","","","","","","","","","","","","","","","","","","","","","","","","","","","","","","","","","","","","","","","","","","","","","","","","","","","","","","","","","","","","","","","","","","","","","","","","","","","","","","","","","","","","","","","","","","","","","","","","","","","","","","","","","","","","","","","","","","","","","","","","","","","","","",""],["2019-08-11 14:06:17","2019-08-11 14:06:17","2019-08-11 14:06:17","2019-08-11 14:06:17","2019-08-11 14:06:17","2019-08-11 14:06:17","2019-08-11 14:06:17","2019-08-11 14:06:17","2019-08-11 14:06:17","2019-08-11 14:06:17","2019-08-11 14:06:17","2019-08-11 14:06:17","2019-08-11 14:06:17","2019-08-11 14:06:17","2019-08-11 14:06:17","2019-08-11 14:06:17","2019-08-11 14:06:17","2019-08-11 14:06:17","2019-08-11 14:06:17","2019-08-11 14:06:17","2019-08-11 14:06:17","2019-08-11 14:06:17","2019-08-11 14:06:17","2019-08-11 14:06:17","2019-08-11 14:06:17","2019-08-11 14:06:17","2019-08-11 14:06:17","2019-08-11 14:06:17","2019-08-11 14:06:17","2019-08-11 14:06:17","2019-08-11 14:06:17","2019-08-11 14:06:17","2019-08-11 14:06:17","2019-08-11 14:06:17","2019-08-11 14:06:17","2019-08-11 14:06:17","2019-08-11 14:06:17","2019-08-11 14:06:17","2019-08-11 14:06:17","2019-08-11 14:06:17","2019-08-11 14:06:17","2019-08-11 14:06:17","2019-08-11 14:06:17","2019-08-11 14:06:17","2019-08-11 14:06:17","2019-08-11 14:06:17","2019-08-11 14:06:17","2019-08-11 14:06:17","2019-08-11 14:06:17","2019-08-11 14:06:17","2019-08-11 14:06:17","2019-08-11 14:06:17","2019-08-11 14:06:17","2019-08-11 14:06:17","2019-08-11 14:06:17","2019-08-11 14:06:17","2019-08-11 14:06:17","2019-08-11 14:06:17","2019-08-11 14:06:17","2019-08-11 14:06:17","2019-08-11 14:06:17","2019-08-11 14:06:17","2019-08-11 14:06:17","2019-08-11 14:06:17","2019-08-11 14:06:17","2019-08-11 14:06:17","2019-08-11 14:06:17","2019-08-11 14:06:17","2019-08-11 14:06:18","2019-08-11 14:06:18","2019-08-11 14:06:18","2019-08-11 14:06:18","2019-08-11 14:06:18","2019-08-11 14:06:18","2019-08-11 14:06:18","2019-08-11 14:06:18","2019-08-11 14:06:18","2019-08-11 14:06:18","2019-08-11 14:06:18","2019-08-11 14:06:18","2019-08-11 14:06:18","2019-08-11 14:06:18","2019-08-11 14:06:18","2019-08-11 14:06:18","2019-08-11 14:06:18","2019-08-11 14:06:18","2019-08-11 14:06:18","2019-08-11 14:06:18","2019-08-11 14:06:18","2019-08-11 14:06:18","2019-08-11 14:06:18","2019-08-11 14:06:18","2019-08-11 14:06:18","2019-08-11 14:06:18","2019-08-11 14:06:18","2019-08-11 14:06:18","2019-08-11 14:06:18","2019-08-11 14:06:18","2019-08-11 14:06:18","2019-08-11 14:06:18","2019-08-11 14:06:18","2019-08-11 14:06:18","2019-08-11 14:06:18","2019-08-11 14:06:18","2019-08-11 14:06:18","2019-08-11 14:06:18","2019-08-11 14:06:18","2019-08-11 14:06:18","2019-08-11 14:06:18","2019-08-11 14:06:18","2019-08-11 14:06:18","2019-08-11 14:06:18","2019-08-11 14:06:18","2019-08-11 14:06:18","2019-08-11 14:06:18","2019-08-11 14:06:18","2019-08-11 14:06:18","2019-08-11 14:06:18","2019-08-11 14:06:18","2019-08-11 14:06:18","2019-08-11 14:06:18","2019-08-11 14:06:18","2019-08-11 14:06:18","2019-08-11 14:06:18","2019-08-11 14:06:18","2019-08-11 14:06:18","2019-08-11 14:06:18","2019-08-11 14:06:18","2019-08-11 14:06:18","2019-08-11 14:06:18","2019-08-11 14:06:18","2019-08-11 14:06:18","2019-08-11 14:06:18","2019-08-11 14:06:18","2019-08-11 14:06:18","2019-08-11 14:06:18","2019-08-11 14:06:18","2019-08-11 14:06:18","2019-08-11 14:06:18","2019-08-11 14:06:18","2019-08-11 14:06:18","2019-08-11 14:06:18","2019-08-11 14:06:18","2019-08-11 14:06:18","2019-08-11 14:06:18","2019-08-11 14:06:18","2019-08-11 14:06:18","2019-08-11 14:06:18","2019-08-11 14:06:18","2019-08-11 14:06:18","2019-08-11 14:06:18","2019-08-11 14:06:18","2019-08-11 14:06:18","2019-08-11 14:06:18","2019-08-11 14:06:18","2019-08-11 14:06:18","2019-08-11 14:06:18","2019-08-11 14:06:18","2019-08-11 14:06:18","2019-08-11 14:06:18","2019-08-11 14:06:18","2019-08-11 14:06:18","2019-08-11 14:06:18","2019-08-11 14:06:18","2019-08-11 14:06:18","2019-08-11 14:06:18","2019-08-11 14:06:18","2019-08-11 14:06:18","2019-08-11 14:06:18","2019-08-11 14:06:18","2019-08-11 14:06:18","2019-08-11 14:06:18","2019-08-11 14:06:18","2019-08-11 14:06:18","2019-08-11 14:06:18","2019-08-11 14:06:18","2019-08-11 14:06:18","2019-08-11 14:06:18","2019-08-11 14:06:18","2019-08-11 14:06:18","2019-08-11 14:06:18","2019-08-11 14:06:18","2019-08-11 14:06:18","2019-08-11 14:06:18","2019-08-11 14:06:18","2019-08-11 14:06:18","2019-08-11 14:06:18","2019-08-11 14:06:18","2019-08-11 14:06:18","2019-08-11 14:06:18","2019-08-11 14:06:18","2019-08-11 14:06:18","2019-08-11 14:06:18","2019-08-11 14:06:18","2019-08-11 14:06:18","2019-08-11 14:06:18","2019-08-11 14:06:18","2019-08-11 14:06:18","2019-08-11 14:06:18","2019-08-11 14:06:18","2019-08-11 14:06:18","2019-08-11 14:06:18","2019-08-11 14:06:18","2019-08-11 14:06:18","2019-08-11 14:06:18","2019-08-11 14:06:18","2019-08-11 14:06:18","2019-08-11 14:06:18","2019-08-11 14:06:18","2019-08-11 14:06:18","2019-08-11 14:06:18","2019-08-11 14:06:18","2019-08-11 14:06:18","2019-08-11 14:06:18","2019-08-11 14:06:19","2019-08-11 14:06:19","2019-08-11 14:06:19","2019-08-11 14:06:19","2019-08-11 14:06:19","2019-08-11 14:06:19","2019-08-11 14:06:19","2019-08-11 14:06:19","2019-08-11 14:06:19","2019-08-11 14:06:19","2019-08-11 14:06:19","2019-08-11 14:06:19","2019-08-11 14:06:19","2019-08-11 14:06:19","2019-08-11 14:06:19","2019-08-11 14:06:19","2019-08-11 14:06:19","2019-08-11 14:06:19","2019-08-11 14:06:19","2019-08-11 14:06:19","2019-08-11 14:06:19","2019-08-11 14:06:19","2019-08-11 14:06:19","2019-08-11 14:06:19","2019-08-11 14:06:19","2019-08-11 14:06:19","2019-08-11 14:06:19","2019-08-11 14:06:19","2019-08-11 14:06:19","2019-08-11 14:06:19","2019-08-11 14:06:19","2019-08-11 14:06:19","2019-08-11 14:06:19","2019-08-11 14:06:19","2019-08-11 14:06:19","2019-08-11 14:06:19","2019-08-11 14:06:19","2019-08-11 14:06:19","2019-08-11 14:06:19","2019-08-11 14:06:19","2019-08-11 14:06:19","2019-08-11 14:06:19","2019-08-11 14:06:19","2019-08-11 14:06:19","2019-08-11 14:06:19","2019-08-11 14:06:19","2019-08-11 14:06:19","2019-08-11 14:06:19","2019-08-11 14:06:19","2019-08-11 14:06:19","2019-08-11 14:06:19","2019-08-11 14:06:19","2019-08-11 14:06:19","2019-08-11 14:06:19","2019-08-11 14:06:19","2019-08-11 14:06:19","2019-08-11 14:06:19","2019-08-11 14:06:19","2019-08-11 14:06:19","2019-08-11 14:06:19","2019-08-11 14:06:19","2019-08-11 14:06:19","2019-08-11 14:06:19","2019-08-11 14:06:19","2019-08-11 14:06:19","2019-08-11 14:06:19","2019-08-11 14:06:19","2019-08-11 14:06:19","2019-08-11 14:06:19","2019-08-11 14:06:19","2019-08-11 14:06:19","2019-08-11 14:06:19","2019-08-11 14:06:19","2019-08-11 14:06:19","2019-08-11 14:06:19","2019-08-11 14:06:19","2019-08-11 14:06:19","2019-08-11 14:06:19","2019-08-11 14:06:19","2019-08-11 14:06:19","2019-08-11 14:06:19","2019-08-11 14:06:19","2019-08-11 14:06:19","2019-08-11 14:06:19","2019-08-11 14:06:19","2019-08-11 14:06:19","2019-08-11 14:06:19","2019-08-11 14:06:19","2019-08-11 14:06:19","2019-08-11 14:06:19","2019-08-11 14:06:19","2019-08-11 14:06:19","2019-08-11 14:06:19","2019-08-11 14:06:19","2019-08-11 14:06:19","2019-08-11 14:06:19","2019-08-11 14:06:19","2019-08-11 14:06:19","2019-08-11 14:06:19","2019-08-11 14:06:19","2019-08-11 14:06:19","2019-08-11 14:06:19","2019-08-11 14:06:19","2019-08-11 14:06:19","2019-08-11 14:06:19","2019-08-11 14:06:19","2019-08-11 14:06:19","2019-08-11 14:06:19","2019-08-11 14:06:19","2019-08-11 14:06:19","2019-08-11 14:06:19","2019-08-11 14:06:19","2019-08-11 14:06:19","2019-08-11 14:06:19","2019-08-11 14:06:19","2019-08-11 14:06:19","2019-08-11 14:06:19","2019-08-11 14:06:19","2019-08-11 14:06:19","2019-08-11 14:06:19","2019-08-11 14:06:19","2019-08-11 14:06:19","2019-08-11 14:06:19","2019-08-11 14:06:19","2019-08-11 14:06:20","2019-08-11 14:06:20","2019-08-11 14:06:20","2019-08-11 14:06:20","2019-08-11 14:06:20","2019-08-11 14:06:20","2019-08-11 14:06:20","2019-08-11 14:06:20","2019-08-11 14:06:20","2019-08-11 14:06:20","2019-08-11 14:06:20","2019-08-11 14:06:20","2019-08-11 14:06:20","2019-08-11 14:06:20","2019-08-11 14:06:20","2019-08-11 14:06:20","2019-08-11 14:06:20","2019-08-11 14:06:20","2019-08-11 14:06:20","2019-08-11 14:06:20","2019-08-11 14:06:20","2019-08-11 14:06:20","2019-08-11 14:06:20","2019-08-11 14:06:20","2019-08-11 14:06:20","2019-08-11 14:06:20","2019-08-11 14:06:20","2019-08-11 14:06:20","2019-08-11 14:06:20","2019-08-11 14:06:20","2019-08-11 14:06:20","2019-08-11 14:06:20","2019-08-11 14:06:20","2019-08-11 14:06:20","2019-08-11 14:06:20","2019-08-11 14:06:20","2019-08-11 14:06:20","2019-08-11 14:06:20","2019-08-11 14:06:20","2019-08-11 14:06:20","2019-08-11 14:06:20","2019-08-11 14:06:20","2019-08-11 14:06:20","2019-08-11 14:06:20","2019-08-11 14:06:20","2019-08-11 14:06:20","2019-08-11 14:06:20","2019-08-11 14:06:20","2019-08-11 14:06:20","2019-08-11 14:06:20","2019-08-11 14:06:20","2019-08-11 14:06:20","2019-08-11 14:06:20","2019-08-11 14:06:20","2019-08-11 14:06:20","2019-08-11 14:06:20","2019-08-11 14:06:20","2019-08-11 14:06:20","2019-08-11 14:06:20","2019-08-11 14:06:20","2019-08-11 14:06:20","2019-08-11 14:06:20","2019-08-11 14:06:20","2019-08-11 14:06:20","2019-08-11 14:06:20","2019-08-11 14:06:20","2019-08-11 14:06:20","2019-08-11 14:06:20","2019-08-11 14:06:20","2019-08-11 14:06:20","2019-08-11 14:06:20","2019-08-11 14:06:20","2019-08-11 14:06:20","2019-08-11 14:06:20","2019-08-11 14:06:20","2019-08-11 14:06:20","2019-08-11 14:06:20","2019-08-11 14:06:20","2019-08-11 14:06:20","2019-08-11 14:06:20","2019-08-11 14:06:20","2019-08-11 14:06:20","2019-08-11 14:06:20","2019-08-11 14:06:20","2019-08-11 14:06:20","2019-08-11 14:06:20","2019-08-11 14:06:20","2019-08-11 14:06:20","2019-08-11 14:06:20","2019-08-11 14:06:20","2019-08-11 14:06:20","2019-08-11 14:06:20","2019-08-11 14:06:20","2019-08-11 14:06:20","2019-08-11 14:06:20","2019-08-11 14:06:20","2019-08-11 14:06:20","2019-08-11 14:06:20","2019-08-11 14:06:20","2019-08-11 14:06:20","2019-08-11 14:06:20","2019-08-11 14:06:20","2019-08-11 14:06:20","2019-08-11 14:06:20","2019-08-11 14:06:20","2019-08-11 14:06:20","2019-08-11 14:06:20","2019-08-11 14:06:20","2019-08-11 14:06:20","2019-08-11 14:06:20","2019-08-11 14:06:20","2019-08-11 14:06:20","2019-08-11 14:06:20","2019-08-11 14:06:20","2019-08-11 14:06:20","2019-08-11 14:06:20","2019-08-11 14:06:20","2019-08-11 14:06:20","2019-08-11 14:06:20","2019-08-11 14:06:20","2019-08-11 14:06:21","2019-08-11 14:06:21","2019-08-11 14:06:21","2019-08-11 14:06:21","2019-08-11 14:06:21","2019-08-11 14:06:21","2019-08-11 14:06:21","2019-08-11 14:06:21","2019-08-11 14:06:21","2019-08-11 14:06:21","2019-08-11 14:06:21","2019-08-11 14:06:21","2019-08-11 14:06:21","2019-08-11 14:06:21","2019-08-11 14:06:21","2019-08-11 14:06:21","2019-08-11 14:06:21","2019-08-11 14:06:21","2019-08-11 14:06:21","2019-08-11 14:06:21","2019-08-11 14:06:21","2019-08-11 14:06:21","2019-08-11 14:06:21","2019-08-11 14:06:21","2019-08-11 14:06:21","2019-08-11 14:06:21","2019-08-11 14:06:21","2019-08-11 14:06:21","2019-08-11 14:06:21","2019-08-11 14:06:21","2019-08-11 14:06:21","2019-08-11 14:06:21","2019-08-11 14:06:21","2019-08-11 14:06:21","2019-08-11 14:06:21","2019-08-11 14:06:21","2019-08-11 14:06:21","2019-08-11 14:06:21","2019-08-11 14:06:21","2019-08-11 14:06:21","2019-08-11 14:06:21","2019-08-11 14:06:21","2019-08-11 14:06:21"],["13.613 sec","13.625 sec","13.632 sec","13.640 sec","13.648 sec","13.655 sec","13.666 sec","13.673 sec","13.681 sec","13.688 sec","13.695 sec","13.702 sec","13.710 sec","13.717 sec","13.724 sec","13.732 sec","13.740 sec","13.748 sec","13.755 sec","13.762 sec","13.768 sec","13.774 sec","13.780 sec","13.786 sec","13.793 sec","13.799 sec","13.805 sec","13.811 sec","13.817 sec","13.823 sec","13.828 sec","13.834 sec","13.840 sec","13.846 sec","13.852 sec","13.858 sec","13.864 sec","13.871 sec","13.876 sec","13.882 sec","13.888 sec","13.894 sec","13.900 sec","13.906 sec","13.911 sec","13.917 sec","13.923 sec","13.930 sec","13.936 sec","13.942 sec","13.948 sec","13.955 sec","13.961 sec","13.967 sec","13.974 sec","13.980 sec","13.986 sec","13.992 sec","13.998 sec","14.004 sec","14.010 sec","14.022 sec","14.029 sec","14.035 sec","14.041 sec","14.047 sec","14.054 sec","14.059 sec","14.066 sec","14.072 sec","14.078 sec","14.084 sec","14.091 sec","14.099 sec","14.106 sec","14.112 sec","14.118 sec","14.124 sec","14.131 sec","14.136 sec","14.143 sec","14.149 sec","14.156 sec","14.163 sec","14.171 sec","14.179 sec","14.186 sec","14.193 sec","14.199 sec","14.205 sec","14.211 sec","14.218 sec","14.225 sec","14.231 sec","14.239 sec","14.246 sec","14.254 sec","14.262 sec","14.269 sec","14.275 sec","14.281 sec","14.288 sec","14.294 sec","14.301 sec","14.307 sec","14.315 sec","14.323 sec","14.331 sec","14.339 sec","14.347 sec","14.355 sec","14.361 sec","14.367 sec","14.374 sec","14.380 sec","14.387 sec","14.393 sec","14.400 sec","14.406 sec","14.413 sec","14.420 sec","14.430 sec","14.437 sec","14.443 sec","14.450 sec","14.457 sec","14.463 sec","14.469 sec","14.476 sec","14.482 sec","14.489 sec","14.495 sec","14.502 sec","14.508 sec","14.515 sec","14.521 sec","14.528 sec","14.534 sec","14.541 sec","14.547 sec","14.554 sec","14.561 sec","14.567 sec","14.574 sec","14.581 sec","14.588 sec","14.595 sec","14.606 sec","14.613 sec","14.620 sec","14.627 sec","14.634 sec","14.640 sec","14.647 sec","14.654 sec","14.661 sec","14.667 sec","14.674 sec","14.681 sec","14.688 sec","14.694 sec","14.701 sec","14.708 sec","14.715 sec","14.722 sec","14.728 sec","14.735 sec","14.742 sec","14.749 sec","14.755 sec","14.762 sec","14.769 sec","14.775 sec","14.782 sec","14.789 sec","14.795 sec","14.802 sec","14.809 sec","14.816 sec","14.823 sec","14.830 sec","14.837 sec","14.844 sec","14.850 sec","14.857 sec","14.865 sec","14.871 sec","14.878 sec","14.885 sec","14.891 sec","14.898 sec","14.906 sec","14.913 sec","14.920 sec","14.927 sec","14.934 sec","14.941 sec","14.948 sec","14.955 sec","14.962 sec","14.969 sec","14.976 sec","14.983 sec","14.990 sec","14.997 sec","15.005 sec","15.012 sec","15.019 sec","15.026 sec","15.033 sec","15.039 sec","15.046 sec","15.053 sec","15.060 sec","15.067 sec","15.074 sec","15.081 sec","15.089 sec","15.099 sec","15.107 sec","15.114 sec","15.121 sec","15.128 sec","15.136 sec","15.143 sec","15.149 sec","15.157 sec","15.163 sec","15.170 sec","15.178 sec","15.185 sec","15.202 sec","15.211 sec","15.219 sec","15.226 sec","15.234 sec","15.242 sec","15.250 sec","15.258 sec","15.266 sec","15.274 sec","15.282 sec","15.292 sec","15.301 sec","15.312 sec","15.320 sec","15.328 sec","15.336 sec","15.344 sec","15.352 sec","15.360 sec","15.368 sec","15.376 sec","15.386 sec","15.397 sec","15.407 sec","15.416 sec","15.424 sec","15.432 sec","15.440 sec","15.448 sec","15.462 sec","15.470 sec","15.479 sec","15.489 sec","15.499 sec","15.509 sec","15.519 sec","15.529 sec","15.536 sec","15.544 sec","15.551 sec","15.559 sec","15.566 sec","15.575 sec","15.582 sec","15.590 sec","15.598 sec","15.605 sec","15.613 sec","15.620 sec","15.627 sec","15.634 sec","15.642 sec","15.650 sec","15.657 sec","15.665 sec","15.672 sec","15.680 sec","15.688 sec","15.696 sec","15.703 sec","15.711 sec","15.718 sec","15.726 sec","15.733 sec","15.740 sec","15.748 sec","15.755 sec","15.762 sec","15.770 sec","15.777 sec","15.785 sec","15.792 sec","15.800 sec","15.808 sec","15.815 sec","15.822 sec","15.830 sec","15.838 sec","15.845 sec","15.852 sec","15.860 sec","15.868 sec","15.876 sec","15.884 sec","15.891 sec","15.899 sec","15.907 sec","15.915 sec","15.922 sec","15.930 sec","15.938 sec","15.946 sec","15.953 sec","15.961 sec","15.969 sec","15.977 sec","15.985 sec","15.993 sec","16.001 sec","16.009 sec","16.017 sec","16.026 sec","16.033 sec","16.042 sec","16.050 sec","16.058 sec","16.065 sec","16.073 sec","16.081 sec","16.089 sec","16.097 sec","16.104 sec","16.112 sec","16.120 sec","16.128 sec","16.136 sec","16.143 sec","16.151 sec","16.159 sec","16.166 sec","16.175 sec","16.183 sec","16.191 sec","16.199 sec","16.207 sec","16.215 sec","16.223 sec","16.231 sec","16.239 sec","16.247 sec","16.255 sec","16.263 sec","16.271 sec","16.279 sec","16.287 sec","16.295 sec","16.307 sec","16.315 sec","16.324 sec","16.332 sec","16.339 sec","16.347 sec","16.355 sec","16.363 sec","16.371 sec","16.379 sec","16.387 sec","16.395 sec","16.403 sec","16.412 sec","16.420 sec","16.427 sec","16.436 sec","16.443 sec","16.452 sec","16.460 sec","16.468 sec","16.476 sec","16.485 sec","16.493 sec","16.501 sec","16.510 sec","16.518 sec","16.526 sec","16.534 sec","16.543 sec","16.551 sec","16.559 sec","16.567 sec","16.575 sec","16.583 sec","16.591 sec","16.600 sec","16.608 sec","16.616 sec","16.625 sec","16.633 sec","16.642 sec","16.650 sec","16.659 sec","16.668 sec","16.676 sec","16.684 sec","16.693 sec","16.701 sec","16.709 sec","16.718 sec","16.726 sec","16.735 sec","16.744 sec","16.753 sec","16.761 sec","16.770 sec","16.778 sec","16.787 sec","16.795 sec","16.803 sec","16.811 sec","16.820 sec","16.829 sec","16.837 sec","16.846 sec","16.855 sec","16.863 sec","16.872 sec","16.880 sec","16.889 sec","16.897 sec","16.906 sec","16.914 sec","16.922 sec","16.931 sec","16.939 sec","16.948 sec","16.957 sec","16.965 sec","16.974 sec","16.982 sec","16.991 sec","17.000 sec","17.008 sec","17.017 sec","17.027 sec","17.035 sec","17.044 sec","17.052 sec","17.061 sec","17.070 sec","17.078 sec","17.087 sec","17.096 sec","17.105 sec","17.114 sec","17.130 sec","17.140 sec","17.150 sec","17.160 sec","17.170 sec","17.180 sec","17.190 sec","17.200 sec","17.211 sec","17.223 sec","17.235 sec","17.245 sec","17.256 sec","17.269 sec","17.279 sec","17.292 sec","17.305 sec","17.315 sec","17.325 sec","17.337 sec","17.348 sec","17.357 sec","17.366 sec","17.375 sec","17.384 sec","17.393 sec","17.401 sec","17.410 sec","17.419 sec","17.428 sec","17.436 sec","17.445 sec","17.454 sec","17.462 sec","17.472 sec","17.482 sec"],[0,1,2,3,4,5,6,7,8,9,10,11,12,13,14,15,16,17,18,19,20,21,22,23,24,25,26,27,28,29,30,31,32,33,34,35,36,37,38,39,40,41,42,43,44,45,46,47,48,49,50,51,52,53,54,55,56,57,58,59,60,61,62,63,64,65,66,67,68,69,70,71,72,73,74,75,76,77,78,79,80,81,82,83,84,85,86,87,88,89,90,91,92,93,94,95,96,97,98,99,100,101,102,103,104,105,106,107,108,109,110,111,112,113,114,115,116,117,118,119,120,121,122,123,124,125,126,127,128,129,130,131,132,133,134,135,136,137,138,139,140,141,142,143,144,145,146,147,148,149,150,151,152,153,154,155,156,157,158,159,160,161,162,163,164,165,166,167,168,169,170,171,172,173,174,175,176,177,178,179,180,181,182,183,184,185,186,187,188,189,190,191,192,193,194,195,196,197,198,199,200,201,202,203,204,205,206,207,208,209,210,211,212,213,214,215,216,217,218,219,220,221,222,223,224,225,226,227,228,229,230,231,232,233,234,235,236,237,238,239,240,241,242,243,244,245,246,247,248,249,250,251,252,253,254,255,256,257,258,259,260,261,262,263,264,265,266,267,268,269,270,271,272,273,274,275,276,277,278,279,280,281,282,283,284,285,286,287,288,289,290,291,292,293,294,295,296,297,298,299,300,301,302,303,304,305,306,307,308,309,310,311,312,313,314,315,316,317,318,319,320,321,322,323,324,325,326,327,328,329,330,331,332,333,334,335,336,337,338,339,340,341,342,343,344,345,346,347,348,349,350,351,352,353,354,355,356,357,358,359,360,361,362,363,364,365,366,367,368,369,370,371,372,373,374,375,376,377,378,379,380,381,382,383,384,385,386,387,388,389,390,391,392,393,394,395,396,397,398,399,400,401,402,403,404,405,406,407,408,409,410,411,412,413,414,415,416,417,418,419,420,421,422,423,424,425,426,427,428,429,430,431,432,433,434,435,436,437,438,439,440,441,442,443,444,445,446,447,448,449,450,451,452,453,454,455,456,457,458,459,460,461,462,463,464,465,466,467,468,469,470,471,472,473,474,475,476,477,478,479,480,481,482,483,484,485,486,487,488,489,490,491,492,493,494,495,496,497,498,499,500],[363798.1228937919,339810.29412551597,317728.05501845543,298473.27025436435,280759.35934952257,264970.4669610054,251326.32241716335,239053.75017784236,227754.97478167055,217900.29060649264,208545.43993043317,200859.67446604738,193593.83812060437,187222.83524646796,181419.04692008227,176233.26455461752,171487.7046238134,167623.01346198883,163623.51159189633,159507.6032764191,156105.3978095957,153516.4922108855,150045.33905959653,147814.26146432522,145265.9469012453,143426.3463767948,141389.86336606758,139177.352779576,137706.78970465306,136145.558654757,134896.30915111865,133468.80448118105,132594.782096637,131147.46628654638,129884.9125774969,129010.94867947305,128278.95536538272,127208.10088631978,126457.93535629114,125672.34249530906,125043.01047878982,124306.0153438821,123606.60270936458,122678.88521312011,122287.741618638,121861.57382900729,121277.21868650021,120739.72695968162,120221.93410890085,119764.38131317082,119301.53740338027,118667.44353805555,118007.87615087537,117641.71941359738,116956.04805696635,116548.72615931452,116114.31130301289,115681.63469865007,115377.28474369325,115029.28471270198,114653.29279939712,114413.00182324187,113981.93744122845,113780.50993081585,113034.50481906392,112781.70399985465,112454.78809787905,112188.76761636446,111880.21137248023,111593.61467004323,111429.88078444626,111303.66362182146,111049.60776318178,110876.26064799675,110610.80817020767,110354.75912192074,110030.95402651871,109895.47043123795,109682.63693754828,109482.68160817274,109242.22396324956,109035.72645638214,108870.64886867628,108650.4637274355,108332.32287513459,108154.5916426079,107900.22851875414,107676.93031022893,107385.90117991106,107264.61458668778,106860.66675111814,106647.48884526809,106558.40053655507,106397.81917561003,106192.75747871159,105763.1419624695,105572.8833882383,105331.25540904432,104915.56070520543,104778.41164582105,104643.90903286435,104460.43793319797,104314.18287005693,104122.13625045358,103989.98138878694,103876.90492773379,103687.48273843454,103525.21051822873,103425.63905977682,103369.05695397123,102873.2526719037,102740.24305287236,102572.28908679006,102378.65784194278,102292.49866637455,102164.38977656026,102073.04358062021,101936.1608012192,101814.45643860377,101717.41972119546,101573.50428844865,101485.06421152897,101364.22669346724,101272.7988853007,101134.11719360155,100915.30926062679,100705.15203287943,100674.0607654228,100516.67171385066,100333.92259917533,100231.95506673827,100002.21583983481,99836.72864775977,99741.87795461448,99620.10736429866,99325.9056055095,99203.1206083181,99091.87275145594,98996.29233588962,98947.4976431996,98810.41684730117,98678.12246298106,98588.89876577212,98289.43118287527,98116.57697688977,97972.33413456526,97762.73647005112,97662.8344467875,97512.24539120936,97418.547715615,97288.2332352184,97266.14524604927,97154.6041437613,96962.00149153334,96890.93968251206,96667.63856689606,96544.81602283378,96421.03290267372,96280.35042693814,96074.98048503441,95887.60884835881,95758.2664442117,95603.62280212378,95544.3137175312,95431.84601554267,95296.74220672135,95190.93180703754,95075.44137747528,94945.42135219119,94839.05360859486,94552.2899371218,94455.22245636216,94421.68938048305,94263.17432726848,94108.70253780659,94032.1775562227,93967.37359349134,93924.06424169832,93710.27492892859,93626.06936747368,93537.88752052146,93463.90195060032,93328.96545210549,93205.96019254044,93107.33810468345,92973.831320419,92846.8453668977,92718.64320420966,92604.48007278636,92522.42581608934,92362.19381440335,92258.8193319306,92147.5234949554,92063.21082094173,92001.91725078886,91933.54972033366,91808.03469170116,91679.4624466321,91590.63154904889,91515.88083250172,91437.70554369813,91352.07156156357,91195.2530778888,91148.40612051623,91052.91599739774,90994.7591940239,90877.69710006056,90823.97168141452,90784.00305390263,90593.24998539127,90548.0686560887,90507.11800081209,90432.10616848554,90335.3714289535,90236.8313603084,90189.39048318702,90053.08859676018,89956.72100321716,89765.39397401184,89717.80341702243,89613.33349961453,89517.94074600493,89474.12100681826,89385.9942875692,89335.14689682942,89269.04216601382,89187.23872420096,89161.94514256451,89076.93791135876,89009.27062382194,88855.72218641976,88737.41893867278,88641.77937943889,88554.2389594777,88521.42664283823,88347.0175674589,88273.68254014908,88166.09456895145,88104.75826678978,88061.29509867364,88011.4922998313,87963.01635917774,87888.32120318578,87855.49231041882,87779.85986477473,87738.65564410268,87644.49777276684,87540.79850584631,87527.21168351771,87452.03551810731,87337.4554109481,87270.20799506134,87219.3942273665,87161.15546132077,87114.97226327736,87024.76497683302,86974.79332545717,86849.0109552952,86778.32605027547,86669.51894497781,86631.17857884143,86503.99122314873,86451.26908162929,86431.31544042056,86419.8013265845,86327.93800083097,86217.94052729636,86135.34636287947,86034.96875650839,85964.4927291033,85899.5809253833,85805.13768807672,85748.98553167304,85675.3123997791,85537.38042541714,85476.83804926944,85431.03926947986,85362.37411935769,85331.15252143505,85287.21888535656,85253.79787310644,85183.71474693397,85149.474858433,85107.61607477105,85085.86418296315,85058.00527516573,84960.82544918775,84887.3011912124,84831.94291533975,84783.06576830744,84728.87033043263,84643.4664044666,84574.23012229598,84526.51970628375,84503.62965284353,84467.21121552047,84430.01904194379,84383.44244537491,84194.45975323698,84149.90832478768,84092.45014556764,84022.63468633054,83987.80915610178,83918.4643915292,83852.79216475539,83789.37908859462,83745.59691438136,83733.14620417365,83668.59909058128,83606.04399483647,83597.58987018275,83579.32223427719,83501.47647530702,83426.69188155084,83365.79826378053,83326.82151872297,83274.44362806292,83183.97607626623,83130.50278973996,83103.81803871063,82984.7147222104,82924.67384894427,82903.18591962299,82879.57165720695,82840.19079725047,82761.21477825972,82717.86752214009,82673.70039516964,82601.31279304816,82591.386234799,82529.33290331473,82465.46133307647,82427.37137557789,82325.1622604234,82299.31421278717,82229.83136157684,82174.31310616163,82124.98230380328,82084.0911645321,82046.67111583565,82000.27952587885,81992.0928771236,81941.40245684994,81883.27050274596,81826.49393298372,81789.13152893473,81702.9326259209,81674.9561340755,81613.55319369273,81604.66569035585,81580.7587051235,81559.68554648671,81533.85996697206,81511.99917075671,81426.74629439182,81336.40919699719,81280.88603165302,81239.29683648783,81188.8263378923,81142.06474532836,81076.75043927509,81031.17044583846,80993.68122724087,80966.40865615303,80923.21642705123,80880.11046688541,80827.58967763236,80740.93118550273,80694.24784810869,80654.6558840493,80623.43279985816,80566.05493744188,80524.45166125553,80504.8584467994,80473.08162282268,80451.63652317147,80386.51582180777,80346.98036494624,80251.3099030603,80219.86057250718,80129.87826111572,80063.83924059125,80004.62666120537,79940.63939005071,79905.19958386083,79860.23923735457,79783.50511419063,79710.55691735915,79664.05638962126,79625.5175610076,79556.92694520332,79492.26472288833,79455.77168710815,79373.81687521168,79319.39825567724,79233.80493846226,79230.5753368109,79169.74675667693,79140.44424690014,79124.76376550224,79057.53393767567,79016.61914888688,78997.32675614308,78976.39430871655,78958.6945935883,78931.70817289862,78926.92915784346,78889.88300794066,78844.24342715567,78789.6597593606,78647.3424059727,78580.33081682537,78459.96001742678,78446.84871252929,78417.51288574788,78391.07537365354,78358.25187817207,78298.47928009162,78236.83218258839,78214.85250215874,78161.88709255464,78132.11172030821,78026.88523310934,78004.72728322637,77981.76380496754,77945.0876708774,77887.91833569169,77819.58284587147,77741.30560510523,77735.45077141866,77689.79699648946,77646.4956970948,77575.56907139545,77499.2071883962,77429.2460129626,77379.90974852697,77309.0282189543,77259.06169350668,77207.81114685212,77179.4436009812,77144.72139790303,77132.45332367218,77056.53836654934,77007.94242529549,77003.43411439942,76985.7284329419,76932.25344984929,76878.26577878385,76847.37651171382,76816.77542075384,76760.01778161402,76738.77151046372,76719.65116684609,76636.87405891102,76583.04767074577,76509.29495719857,76486.01272097074,76456.07971133907,76428.52844407043,76377.23315520871,76342.05528571516,76292.40706159375,76262.27571883613,76229.84745214602,76202.23158215317,76183.08136857439,76144.25383975895,76124.70902638577,76058.04334064953,76042.6662601754,75997.474669159,75931.5555719762,75916.87434233208,75910.04857122916,75888.05633618793,75842.54786733452,75786.15161406646,75725.43612395876,75717.00528120346,75660.49865334225,75601.51448672675,75557.45519611322,75517.66404554903,75489.03013957838,75449.18799051523,75434.50272374066,75397.48141458465,75392.77051128214,75327.83286752536,75242.26668683196,75201.79326575418,75162.98163763655,75134.8904994917,75112.63214467147,75074.68221562586,75025.2600068015,75013.22019453846,74986.12629928919,74981.14884861166,74968.70034639629,74928.75038857196],[232070.95598188753,215358.92444976623,200771.60682696145,187432.8163683858,175152.93079848043,164428.3086120139,155542.6071922397,147709.1259942696,139994.5591251853,133339.9688123646,127460.8227794646,121979.69099598016,117085.73959224256,113074.95130395427,109324.98139040939,105955.71097224599,103170.10943380088,100824.09066384422,98500.58731397537,96393.1923002908,94425.54496129832,92894.43451540939,91075.97421313719,89723.21986276229,88467.47296673652,87331.95760010406,86232.62630431064,85017.61721422768,84306.4645573184,83580.79460671115,83063.5240691641,82312.93622687165,81829.69575617944,81048.50252754733,80394.57694720036,79971.06532957008,79464.32748264483,78889.38506831594,78404.99773883852,78023.86687834987,77643.29366678784,77199.63919417835,76775.03967545473,76245.69887529935,76039.23627444691,75783.34077610046,75480.1454333091,75102.50775280819,74894.51353311382,74584.5118474883,74387.90559962652,73922.71849786892,73552.45395444891,73295.34350588721,72917.97377123959,72766.61777818167,72475.86605691926,72283.16165700907,72052.1229357324,71875.2380464919,71749.90509001882,71594.8764887316,71269.24461437308,71101.31905629918,70623.77602295729,70462.53125890922,70276.48057165155,70118.3171114152,69991.612331972,69779.43479694093,69617.77681855115,69566.37574302942,69490.93843992331,69403.78658573526,69212.77018385078,69087.27161912704,68914.56296773435,68821.67917611044,68694.3838744797,68613.66123471176,68496.36324605856,68355.26735962625,68223.36309549265,68113.14573444093,68007.08294845479,67953.69651702732,67844.75016303883,67664.92457004076,67560.20504137444,67463.03756753194,67265.17269643061,67101.02596059271,67044.17328711227,66981.89376550206,66902.65448864608,66619.2843530833,66523.31025932974,66444.96350424792,66249.8400865264,66210.58297161877,66107.56677019187,66031.74971668662,65981.83785031075,65878.94492851237,65832.51144122762,65732.27605413958,65676.85984362527,65601.90856907144,65563.00293648079,65542.6055137416,65273.79400533841,65204.44049439075,65115.15569406432,65009.15725763342,64953.84486098044,64895.74010630488,64862.43793566114,64803.63946590974,64753.596101144656,64686.70196323697,64631.88132109562,64579.56231736088,64449.73206751055,64415.477030234346,64342.635086134396,64195.50035547811,64086.3575076263,64078.135958347586,64003.50070382883,63934.0712640053,63904.708702175274,63775.33614953957,63681.71422678612,63605.61159963365,63558.136206024064,63471.43348817567,63399.8482108493,63321.871282180124,63289.15240299635,63253.36385723144,63191.0202203786,63083.40527711256,63040.96179100382,62846.32975806107,62787.29864704499,62730.38128724056,62582.41848414871,62542.15812004647,62483.65561209944,62426.52093311666,62368.7046921328,62363.38319737855,62309.98827100439,62224.631716665244,62198.83515526998,62100.96878118229,62055.83042625299,61975.09405469552,61908.45958775231,61840.59601294332,61710.89298059927,61667.94082848672,61582.83669701149,61538.23169376853,61495.18319728946,61430.329532657655,61377.820587795075,61292.35900125798,61246.927940846304,61212.67027935768,61044.110796021494,60971.601688120085,60949.204130851576,60889.364952175274,60842.474236301176,60803.31607883595,60757.77834648335,60733.87707674051,60613.08956310939,60563.62676981768,60511.02634725311,60465.84305953501,60402.49466515566,60363.385020651585,60305.10854154194,60223.540422938764,60119.923497815456,60072.741862758725,59980.18287433003,59940.61523237042,59858.0279041403,59823.199012055964,59775.45329026614,59724.82022875328,59675.15525350311,59639.146129119625,59580.71150724498,59544.560919948824,59497.11293557204,59435.81536698883,59410.235098429126,59365.45249467228,59298.13294302016,59262.85085154379,59225.80616509508,59179.41814782544,59129.06897299792,59106.26688610089,59074.32381961669,59014.196630174476,58988.81383950208,58949.11995470549,58920.413953807445,58857.826210852865,58825.10649954741,58784.20128123574,58719.47509604145,58681.25471565315,58618.87931295615,58597.56697688591,58558.19001151072,58506.59687223814,58492.869656691895,58435.47610857495,58407.83854656674,58384.358370484806,58341.926602235144,58322.76855524433,58274.34051817838,58238.32049558459,58186.731077250115,58144.343967830566,58102.12920470906,58062.61220501554,58051.30081065044,57957.860661046725,57914.75374276571,57842.81570732124,57808.28724769073,57790.27547414899,57766.407027329944,57746.33593972731,57713.65086214577,57687.70385288374,57649.90669679767,57626.76154234733,57586.22762537062,57548.31838276172,57543.92517007712,57513.23186883482,57437.81882465931,57405.87511671086,57375.17746063904,57344.17337353176,57300.91546882127,57245.7096879811,57225.65600365991,57182.9078505424,57155.61640927914,57104.0825306121,57083.22124146496,57036.50062409126,57003.150017551176,56993.11617407558,56985.7012460443,56923.547972171145,56885.437132494444,56851.34027584745,56748.21386328971,56701.743631240024,56670.32709598443,56600.99683455211,56565.3064225717,56537.486871365036,56438.49785599484,56400.22125171057,56369.87500757284,56327.67477361658,56308.397529649905,56282.28634696801,56256.207695878235,56227.039942286036,56211.07379066171,56185.2114564624,56170.19667783884,56153.59413176032,56092.71470120239,56065.80620073198,56023.10467181976,55984.781788562694,55945.803060229926,55896.652516588976,55863.39056842642,55841.86546846491,55834.462386585554,55806.39833192567,55791.43949611201,55764.242507786665,55661.43508337253,55643.30170959132,55613.90217714748,55583.01594795943,55564.88819322685,55532.31421814417,55504.36967540127,55481.97207804125,55454.37282837624,55442.48193431763,55413.81450591216,55386.78475978946,55379.46402142847,55370.24002745823,55324.698689542,55287.160949171084,55260.12213612941,55238.77074379561,55219.12457102078,55188.51656180508,55157.57060962268,55124.218754900074,55073.762033245664,55042.38277374487,55028.29648076677,55009.05640742602,54992.047230032644,54940.35521082792,54919.41967753949,54893.34425871679,54855.28500791139,54850.896586162904,54810.53892307062,54779.532851433316,54761.68024031745,54710.89331335885,54693.2102171891,54664.10052591159,54645.27627998845,54621.988168993754,54604.47449155049,54571.73083670102,54535.13794733222,54530.31002991718,54510.8505557575,54484.51722064232,54453.632147871765,54431.114691134964,54390.06836405234,54378.66394133453,54350.63038295416,54341.361289147135,54324.72774252694,54309.40084878193,54296.98784247063,54290.58332932418,54252.23678984562,54202.96609371436,54169.07870409967,54153.696164221976,54122.56761211369,54091.00565334916,54065.5874908235,54045.591291944635,54019.31035287661,53996.758553747575,53977.3090735118,53962.61638477877,53938.87017476337,53903.96505668049,53866.00466531603,53834.2469819998,53810.55626933302,53790.85479966715,53772.044295333704,53762.43463167479,53746.253026463964,53733.72189673851,53679.324155049035,53652.64967231868,53600.412457948456,53589.89031941356,53517.93676677073,53478.88236458868,53446.47484146033,53421.21744747121,53407.104506776355,53388.55035472082,53355.77660784796,53322.99990511675,53301.41799280491,53272.52895832442,53237.301253661695,53204.8817010741,53179.79411848557,53134.30745225546,53114.07843080917,53072.09332525267,53069.83158222502,53047.479035032855,53025.190507309126,53016.885664565874,52977.13446271133,52958.313824133664,52938.29769442603,52930.58435499879,52918.84610649019,52903.6118303826,52899.12374914472,52879.94889913153,52863.68221460187,52842.535393458136,52751.16209935212,52718.8068644693,52667.133959117346,52654.68452699139,52639.691268379735,52629.71636811851,52606.334395758495,52574.39933710906,52532.14935002744,52524.263176076594,52498.89182373632,52474.92078740628,52418.667848920915,52407.87213056114,52389.92283296449,52373.514222910606,52354.03325123482,52311.83007456131,52283.901280656646,52280.37662704734,52259.559420748876,52233.001192722586,52202.682925780806,52170.35619062001,52143.51237647358,52121.125063478234,52090.75151924571,52059.6826393492,52028.57027441306,52020.33797169895,52001.40853076177,51994.07001404094,51969.15042581644,51943.94567020541,51939.43405524789,51926.24863644301,51888.07889698441,51849.38896231576,51826.78237033513,51812.02352080126,51785.40962793292,51769.92129434121,51755.05381640046,51716.601841136035,51674.53854888314,51651.491033309816,51632.17330715803,51610.49956656617,51597.50062386853,51559.814429961014,51545.9682920658,51515.402314795014,51495.771893531186,51459.316370835826,51445.59437141849,51430.05679497733,51404.48450284739,51390.99721074417,51364.30075786328,51353.64534666688,51330.38144827482,51293.70461618165,51278.8575650908,51275.15436970792,51254.817519012286,51230.62259584545,51188.61307321958,51160.295942426805,51156.057484551406,51129.870374775484,51104.29736612106,51084.29076371664,51065.6054912458,51051.800690598626,51032.71894778481,51018.16383754205,50992.53018156111,50985.23318027284,50945.54741846277,50906.3894220318,50877.8670850439,50857.587857438135,50843.167858943794,50829.97102920266,50799.48908285758,50775.443312601565,50765.690325115465,50753.786857912106,50745.91375401806,50739.63801236957,50708.902792329514],[1.323490742210465E11,1.1547103599366966E11,1.0095111694581064E11,8.908629305633481E10,7.882581786235434E10,7.020934836153326E10,6.316492033973595E10,5.714669547409027E10,5.1872328537799385E10,4.748053664639394E10,4.349120051577791E10,4.034460882660653E10,3.747857415826677E10,3.505239003772608E10,3.2912870585391014E10,3.105816353557781E10,2.940803283714427E10,2.8097474642078087E10,2.677265354566343E10,2.5442675502987507E10,2.436889522529213E10,2.3567313380734867E10,2.2513603773509285E10,2.18490558922439E10,2.1102195329115417E10,2.0571116834996315E10,1.9991093462675262E10,1.9370335526730553E10,1.8963159930761543E10,1.853561314141588E10,1.819701422259418E10,1.781392176963574E10,1.7581376239254646E10,1.719965791338082E10,1.6870090515264013E10,1.664382487917763E10,1.6455490389633852E10,1.6181900931104113E10,1.599160941457591E10,1.5793537668258265E10,1.563575446959874E10,1.5451985450673452E10,1.5278592233350697E10,1.5050108877133902E10,1.495429175018677E10,1.4850243176082596E10,1.4708163772333197E10,1.457808166629847E10,1.44533134408849E10,1.434350703132658E10,1.423285682681014E10,1.4081962155857603E10,1.392585883364034E10,1.3839574146587574E10,1.3678717177103422E10,1.3583605569358887E10,1.3482533289372986E10,1.3382240606551922E10,1.3311917834827272E10,1.3231736341515852E10,1.3145377549744287E10,1.3090334986205147E10,1.2991882062856117E10,1.2946004440116486E10,1.2776799279690985E10,1.2719712757110832E10,1.264607936613888E10,1.2586319579278627E10,1.2517181696750854E10,1.2453134835126087E10,1.2416618331635904E10,1.2388505535639582E10,1.2332015384356522E10,1.2293545175282513E10,1.223475088406648E10,1.217817286085715E10,1.2106810843985874E10,1.2077014421303093E10,1.2030280845574028E10,1.1986457572116526E10,1.1933863496436777E10,1.1888789643870993E10,1.1852818185086601E10,1.1804923268186779E10,1.1735892179522408E10,1.1697415693379272E10,1.1642459314399364E10,1.1594321321033895E10,1.1531731772221622E10,1.1505697542430674E10,1.1419202098493526E10,1.1373686877001581E10,1.1354692724908901E10,1.132049592532581E10,1.1276901740932457E10,1.1185842197773478E10,1.1145633706906565E10,1.1094673366045326E10,1.1007274878087645E10,1.0978515547021128E10,1.0950347697678389E10,1.0911983093195507E10,1.088144874784768E10,1.0841419257358019E10,1.0813916229240253E10,1.0790411377365446E10,1.0751094076633162E10,1.0717469212843576E10,1.0696862814923233E10,1.0685161935553349E10,1.058290611529734E10,1.0555557542563288E10,1.052107448850403E10,1.0481389581517593E10,1.046375528341024E10,1.0437562538416931E10,1.0418906225811193E10,1.039098087889202E10,1.0366183539888344E10,1.0346433474737844E10,1.0317176773435495E10,1.0299218258018156E10,1.0274706453164616E10,1.0256179794062561E10,1.0228109660529133E10,1.0183899643167946E10,1.014152764596536E10,1.0135266511000042E10,1.0103601292430027E10,1.0066896024137308E10,1.004644481650064E10,1.000044317287691E10,9.967372387086416E9,9.94844221791321E9,9.924165791274391E9,9.865635524354584E9,9.841259138428509E9,9.819199245390736E9,9.800265896252918E9,9.790607289850992E9,9.763498477537418E9,9.737371852819088E9,9.719770959847662E9,9.660812282253174E9,9.626862677661936E9,9.598578255774902E9,9.557552642112663E9,9.538029232180624E9,9.508638001235432E9,9.490373439019558E9,9.465000326030254E9,9.460703011025555E9,9.439017106330961E9,9.401629733244114E9,9.38785419256019E9,9.34463234610005E9,9.320901500882822E9,9.297015586018488E9,9.269905878334007E9,9.230401875199741E9,9.194433530655859E9,9.169645592400639E9,9.140052692890762E9,9.12871588375402E9,9.107237233934248E9,9.081469075214306E9,9.061313498292072E9,9.039339553121737E9,9.014633035745123E9,8.994446089373928E9,8.940135532353544E9,8.92178904928086E9,8.915455425464424E9,8.885546034253008E9,8.856447893349365E9,8.84205041596499E9,8.829867300058773E9,8.821729843678673E9,8.78161562725538E9,8.765840865202995E9,8.749336401801723E9,8.735500967831432E9,8.7102957923603E9,8.687351015413433E9,8.668976408939838E9,8.644133310397726E9,8.620536694584614E9,8.596746797629534E9,8.575589729551087E9,8.560399278893756E9,8.530774846209408E9,8.5116897445218115E9,8.491166086253357E9,8.475634786661164E9,8.464352777820999E9,8.451777564181062E9,8.428715233952603E9,8.405123834503425E9,8.38884378755363E9,8.3751564445486555E9,8.360853995096045E9,8.345200978589031E9,8.316574183940188E9,8.308031938310561E9,8.290633511629168E9,8.280046200778399E9,8.258755830210354E9,8.248993831986388E9,8.241735210491002E9,8.207136942915596E9,8.198952737347752E9,8.1915384088129225E9,8.177965826068241E9,8.160479331206988E9,8.142685733948736E9,8.1341261557287855E9,8.109558765815939E9,8.092211653650651E9,8.05782595530956E9,8.04928424997548E9,8.030549540913135E9,8.013461715405249E9,8.005618329942755E9,7.989855974777355E9,7.980768471078093E9,7.968961889237554E9,7.95436355124761E9,7.949852461605683E9,7.934700867664064E9,7.922650256984772E9,7.895339365270209E9,7.874329519897522E9,7.857365051553118E9,7.841853237692279E9,7.836042974883389E9,7.805195513064892E9,7.792243029199019E9,7.773260231541291E9,7.762448429249463E9,7.754791694455682E9,7.746022776843264E9,7.73749224700497E9,7.724357003914355E9,7.718587529106061E9,7.70530379787949E9,7.698071694234431E9,7.681557989840532E9,7.663391403041183E9,7.661012785091319E9,7.647858516260303E9,7.627831117659347E9,7.616089203501269E9,7.607222729388774E9,7.597067021352528E9,7.589018392431583E9,7.573309719273022E9,7.564614674005988E9,7.542750703912986E9,7.530477872087918E9,7.511605514153869E9,7.504961101959113E9,7.482940497534593E9,7.473821925824271E9,7.47037228876148E9,7.468382061326336E9,7.452512879475314E9,7.433533268768412E9,7.419297893053213E9,7.402015848933374E9,7.389894010172053E9,7.378738003156473E9,7.362521653669805E9,7.352888519711072E9,7.340259154799742E9,7.316643450042535E9,7.306289842901035E9,7.29846247066341E9,7.286734915293187E9,7.281405590636412E9,7.27390970519872E9,7.268210051788487E9,7.256265258087016E9,7.250433068666912E9,7.243306313930628E9,7.239604283761651E9,7.234864261390121E9,7.218341861007348E9,7.205853903527611E9,7.196458538791461E9,7.188168241073145E9,7.178981467471268E9,7.1645164049640665E9,7.152800400779077E9,7.144732533656775E9,7.140863424504937E9,7.134709770527348E9,7.128428115422991E9,7.1205653589319E9,7.088707053139441E9,7.081207071070172E9,7.071540171484778E9,7.059803139632555E9,7.053952086841775E9,7.042308665832355E9,7.031290753825664E9,7.020660048052217E9,7.013325002546041E9,7.011239773249519E9,7.000434473780419E9,6.989970592466532E9,6.988557032103283E9,6.985503105141143E9,6.9724965735562525E9,6.960012918299222E9,6.9498563201573515E9,6.943359184413114E9,6.934632961563428E9,6.919573875856833E9,6.910680494074962E9,6.906244572611125E9,6.886462877526642E9,6.876501532953781E9,6.872938235623577E9,6.869023398082101E9,6.862497211324861E9,6.849418671573234E9,6.842245607410319E9,6.834940737030272E9,6.822976875134981E9,6.821337080185746E9,6.811090789466146E9,6.80055231287713E9,6.794271551887436E9,6.777432341205041E9,6.773177119895072E9,6.7617451657533655E9,6.752617734469486E9,6.7445127184000025E9,6.737798022307217E9,6.731656241190099E9,6.724045842322266E9,6.722703294370864E9,6.714393436595455E9,6.704869988225866E9,6.695575109364622E9,6.689462036257385E9,6.675369199675772E9,6.670798459503158E9,6.6607720648997135E9,6.659321462434741E9,6.6554201909035845E9,6.651982306441794E9,6.64777032111381E9,6.644206008813443E9,6.630315012091252E9,6.615611461061369E9,6.606582434090566E9,6.599823350486981E9,6.591625522124435E9,6.584034671135058E9,6.573439461792494E9,6.566050583822524E9,6.55997639873991E9,6.555559330675173E9,6.548566956899375E9,6.541592269135587E9,6.533099253095702E9,6.519097968702087E9,6.511561635771994E9,6.505173515774407E9,6.500137916433245E9,6.490889208182903E9,6.48418731534588E9,6.481032233539207E9,6.475916865873482E9,6.472465819256499E9,6.46199192596975E9,6.455637253765057E9,6.440272741157025E9,6.435226030272493E9,6.420797390141226E9,6.410218353943238E9,6.400740287198853E9,6.390505826090128E9,6.384840920536633E9,6.377657811047507E9,6.365407688306082E9,6.353772884075552E9,6.346361880448756E9,6.340223046858329E9,6.329304624964418E9,6.319020150773757E9,6.313219654393856E9,6.300202805339639E9,6.291566939642733E9,6.277995845026286E9,6.277484068202068E9,6.267848801516358E9,6.263209915596708E9,6.260728240946537E9,6.250093672306742E9,6.243626101720237E9,6.240577634616839E9,6.237270858005877E9,6.23447545192355E9,6.230214555091631E9,6.229460146287241E9,6.223613641006565E9,6.21641472160058E9,6.207810484995808E9,6.185404467522311E9,6.174868391281715E9,6.155965325936209E9,6.153908072926458E9,6.149306327186436E9,6.14516069823783E9,6.140015637403057E9,6.130651857574937E9,6.121001909966497E9,6.117563151934447E9,6.109280593869259E9,6.1046268818747225E9,6.088194819180816E9,6.084737478530521E9,6.081155486133747E9,6.075436692020763E9,6.066527822667377E9,6.055887474305452E9,6.043710597186365E9,6.042800306635654E9,6.035704557355742E9,6.028978294038961E9,6.017968916750848E9,6.006127114829963E9,5.995288138135885E9,5.98765043269018E9,5.976685844159074E9,5.968962613761072E9,5.961046102087982E9,5.956666514557038E9,5.951308039560079E9,5.949415355728467E9,5.937710105035491E9,5.930223196577626E9,5.929528865410653E9,5.926802382350679E9,5.918571620871848E9,5.910267749153328E9,5.905519276733105E9,5.90081698604253E9,5.892100329833701E9,5.888839052935159E9,5.885904875162549E9,5.873210465521389E9,5.86496319053972E9,5.8536722148476095E9,5.8501101419524975E9,5.845532124826633E9,5.841319960126081E9,5.833481744445112E9,5.828109405247191E9,5.82053137525192E9,5.815934697815783E9,5.810989642577452E9,5.806780098100102E9,5.803861886810827E9,5.797947392813646E9,5.794971324351899E9,5.784825956808122E9,5.78248709195642E9,5.775616156089464E9,5.7656011315801115E9,5.763371809909439E9,5.7623354740863695E9,5.758997094484434E9,5.752092067008927E9,5.743540776470268E9,5.734341676163757E9,5.733064888753793E9,5.7245110564724045E9,5.715588992686755E9,5.708929035712657E9,5.702917582896409E9,5.698593671414173E9,5.692579968428107E9,5.690364201178037E9,5.684780203662637E9,5.684069845366854E9,5.674282404517835E9,5.661398696172342E9,5.65530971038523E9,5.649473808659688E9,5.645251770370606E9,5.641907507700735E9,5.63620790977721E9,5.628789639088169E9,5.626983203954311E9,5.622919137372949E9,5.622172682657658E9,5.620306031627759E9,5.614317634792923E9]]},"training_metrics":{"__meta":{"schema_version":3,"schema_name":"ModelMetricsRegressionV3","schema_type":"ModelMetricsRegression"},"model":{"__meta":{"schema_version":3,"schema_name":"ModelKeyV3","schema_type":"Key<Model>"},"name":"GBM","type":"Key<Model>","URL":"/3/Models/GBM"},"model_checksum":-3586158431288353376,"frame":{"__meta":{"schema_version":3,"schema_name":"FrameKeyV3","schema_type":"Key<Frame>"},"name":"py_6_sid_b393","type":"Key<Frame>","URL":"/3/Frames/py_6_sid_b393"},"frame_checksum":-3769536494645054820,"description":null,"model_category":"Regression","scoring_time":1565532381423,"predictions":null,"MSE":5.614317634792923E9,"RMSE":74928.75038857196,"nobs":17538,"custom_metric_name":null,"custom_metric_value":0.0,"r2":0.9575794718033613,"mean_residual_deviance":5.614317634792923E9,"mae":50708.902792329514,"rmsle":0.14277995624902504},"validation_metrics":null,"cross_validation_metrics":{"__meta":{"schema_version":3,"schema_name":"ModelMetricsRegressionV3","schema_type":"ModelMetricsRegression"},"model":{"__meta":{"schema_version":3,"schema_name":"ModelKeyV3","schema_type":"Key<Model>"},"name":"GBM","type":"Key<Model>","URL":"/3/Models/GBM"},"model_checksum":-3586158431288353376,"frame":{"__meta":{"schema_version":3,"schema_name":"FrameKeyV3","schema_type":"Key<Frame>"},"name":"py_6_sid_b393","type":"Key<Frame>","URL":"/3/Frames/py_6_sid_b393"},"frame_checksum":-3769536494645054820,"description":"5-fold cross-validation on training data (Metrics computed for combined holdout predictions)","model_category":"Regression","scoring_time":1565532381428,"predictions":null,"MSE":1.4052805585643826E10,"RMSE":118544.52996930658,"nobs":17538,"custom_metric_name":null,"custom_metric_value":0.0,"r2":0.8938201444297741,"mean_residual_deviance":1.4052805585643826E10,"mae":65816.21404132042,"rmsle":0.16841839397397426},"cross_validation_metrics_summary":{"__meta":{"schema_version":3,"schema_name":"TwoDimTableV3","schema_type":"TwoDimTable"},"name":"Cross-Validation Metrics Summary","description":"","columns":[{"__meta":{"schema_version":-1,"schema_name":"ColumnSpecsBase","schema_type":"Iced"},"name":"","type":"string","format":"%s","description":""},{"__meta":{"schema_version":-1,"schema_name":"ColumnSpecsBase","schema_type":"Iced"},"name":"mean","type":"string","format":"%s","description":"mean"},{"__meta":{"schema_version":-1,"schema_name":"ColumnSpecsBase","schema_type":"Iced"},"name":"sd","type":"string","format":"%s","description":"sd"},{"__meta":{"schema_version":-1,"schema_name":"ColumnSpecsBase","schema_type":"Iced"},"name":"cv_1_valid","type":"string","format":"%s","description":"cv_1_valid"},{"__meta":{"schema_version":-1,"schema_name":"ColumnSpecsBase","schema_type":"Iced"},"name":"cv_2_valid","type":"string","format":"%s","description":"cv_2_valid"},{"__meta":{"schema_version":-1,"schema_name":"ColumnSpecsBase","schema_type":"Iced"},"name":"cv_3_valid","type":"string","format":"%s","description":"cv_3_valid"},{"__meta":{"schema_version":-1,"schema_name":"ColumnSpecsBase","schema_type":"Iced"},"name":"cv_4_valid","type":"string","format":"%s","description":"cv_4_valid"},{"__meta":{"schema_version":-1,"schema_name":"ColumnSpecsBase","schema_type":"Iced"},"name":"cv_5_valid","type":"string","format":"%s","description":"cv_5_valid"}],"rowcount":7,"data":[["mae","mean_residual_deviance","mse","r2","residual_deviance","rmse","rmsle"],["65816.234","1.40528824E10","1.40528824E10","0.8938412","1.40528824E10","118398.83","0.1683933"],["1251.3567","9.8834042E8","9.8834042E8","0.0045706187","9.8834042E8","4159.347","0.002058303"],["68752.59","1.55257303E10","1.55257303E10","0.8914926","1.55257303E10","124602.29","0.16837904"],["63636.266","1.23005542E10","1.23005542E10","0.9029745","1.23005542E10","110907.86","0.16392247"],["64667.68","1.29789962E10","1.29789962E10","0.8886687","1.29789962E10","113925.4","0.17173097"],["66678.79","1.3620695E10","1.3620695E10","0.8998144","1.3620695E10","116707.734","0.17126694"],["65345.848","1.58384394E10","1.58384394E10","0.8862558","1.58384394E10","125850.86","0.16666709"]]},"status":null,"start_time":1565532377552,"end_time":1565532381427,"run_time":3875,"help":{"validation_metrics":"Validation data model metrics", "cross_validation_metrics_summary":"Cross-validation model metrics summary", "run_time":"Runtime in milliseconds", "status":"Job status", "domains":"Domains for categorical columns", "model_category":"Category of the model (e.g., Binomial)", "__meta":"Metadata on this schema instance, to make it self-describing.", "variable_importances":"Variable Importances", "model_summary":"Model summary", "scoring_history":"Scoring history", "help":"Help information for output fields", "end_time":"End time in milliseconds", "names":"Column names", "column_types":"Column types", "cross_validation_fold_assignment_frame_id":"Cross-validation fold assignment (each row is assigned to one holdout fold)", "start_time":"Start time in milliseconds", "training_metrics":"Training data model metrics", "cross_validation_models":"Cross-validation models (model ids)", "cross_validation_metrics":"Cross-validation model metrics", "cross_validation_predictions":"Cross-validation predictions, one per cv model (deprecated, use cross_validation_holdout_predictions_frame_id instead)", "init_f":"The Intercept term, the initial model function value to which trees make adjustments", "cross_validation_holdout_predictions_frame_id":"Cross-validation holdout predictions (full out-of-sample predictions on training data)"},"variable_importances":{"__meta":{"schema_version":3,"schema_name":"TwoDimTableV3","schema_type":"TwoDimTable"},"name":"Variable Importances","description":"","columns":[{"__meta":{"schema_version":-1,"schema_name":"ColumnSpecsBase","schema_type":"Iced"},"name":"variable","type":"string","format":"%s","description":"Variable"},{"__meta":{"schema_version":-1,"schema_name":"ColumnSpecsBase","schema_type":"Iced"},"name":"relative_importance","type":"double","format":"%5f","description":"Relative Importance"},{"__meta":{"schema_version":-1,"schema_name":"ColumnSpecsBase","schema_type":"Iced"},"name":"scaled_importance","type":"double","format":"%5f","description":"Scaled Importance"},{"__meta":{"schema_version":-1,"schema_name":"ColumnSpecsBase","schema_type":"Iced"},"name":"percentage","type":"double","format":"%5f","description":"Percentage"}],"rowcount":19,"data":[["grade","sqft_living","lat","long","waterfront","yr_built","sqft_living15","view","sqft_above","zipcode","sqft_lot","bathrooms","sqft_basement","sqft_lot15","condition","yr_renovated","year","floors","bedrooms"],[3.65125504598016E15,3.11039249874944E15,1.86664580284416E15,8.97694872633344E14,4.77846854172672E14,3.42470860734464E14,3.32694005219328E14,2.59780023156736E14,2.1682018320384E14,1.68937723527168E14,7.9602974195712E13,6.4307773571072E13,6.117117657088E13,6.0096725909504E13,3.826255921152E13,3.2776082423808E13,1.514677993472E13,1.1852472909824E13,1.0640948199424E13],[1.0,0.8518694146479355,0.5112340220930989,0.24585926245323753,0.13087194626372547,0.09379538170347931,0.09111771186337876,0.07114814492149492,0.059382371396527786,0.04626839850948226,0.021801537606459646,0.017612512070848484,0.0167534658084831,0.016459196948092503,0.010479289649635697,0.008976662000068372,0.004148376310056951,0.0032461366737097565,0.0029143261879608015],[0.31211588706279536,0.26588197801450464,0.15956426030226828,0.07673658179319684,0.04084721359973716,0.029275028762774928,0.028439285465370653,0.022206466365044704,0.018534181524319637,0.014441102243761971,0.006804606249373044,0.005497144828397065,0.005229022842190915,0.005137176855795145,0.003270752784784015,0.0028017588230142268,0.0012947741518837112,0.0010131708274419924,9.096075033457203E-4]]},"init_f":537672.6544075721},"compatible_frames":null}
